AF3_sample,Source_line,NMR_residue_1,NMR_atom_1,NMR_residue_2,NMR_atom_2,AF3_residue_1,AF3_residue_2,Sequence_separation,Restraint_class,Lower_bound_A,Upper_bound_A,Minimum_compatible_distance_A,AF3_atom_1,AF3_atom_2,Upper_violation_A,Lower_violation_A,Status
0,14,1,HA,2,HN,7,8,1,direct_unambiguous,1.78,3.63,3.8458563415707587,HA,H,0.21585634157075884,0.0,VIOLATED
0,29,3,HE#,5,HA,9,11,2,pseudoatom_group,1.78,7.69,9.341864321429636,HE2,HA,1.6518643214296356,0.0,VIOLATED
0,30,3,HE#,5,HG#,9,11,2,pseudoatom_group,1.78,8.58,11.484735956912548,HE2,HG3,2.904735956912548,0.0,VIOLATED
0,66,10,HA,11,HN,16,17,1,direct_unambiguous,1.78,3.28,3.5944603211052426,HA,H,0.3144603211052428,0.0,VIOLATED
0,67,10,HA,11,HB#,16,17,1,pseudoatom_group,1.78,5.67,6.041350428505204,HA,HB2,0.3713504285052043,0.0,VIOLATED
0,86,11,HN,12,HB#,17,18,1,pseudoatom_group,1.78,5.54,6.018234791032999,H,HB3,0.4782347910329987,0.0,VIOLATED
0,93,11,HG#,12,HA,17,18,1,pseudoatom_group,1.78,5.56,6.474334328716736,HG2,HA,0.9143343287167367,0.0,VIOLATED
0,102,12,HB#,14,HN,18,20,2,pseudoatom_group,1.78,5.33,6.139500712598705,HB3,H,0.8095007125987053,0.0,VIOLATED
0,113,14,HN,14,HG1,20,20,0,legacy_stereospecific,1.78,4.63,4.756051408469004,H,HG2,0.12605140846900387,0.0,VIOLATED
0,114,14,HN,14,HG#,20,20,0,pseudoatom_group,1.78,4.33,4.48931186263552,H,HG3,0.1593118626355201,0.0,VIOLATED
0,116,14,HN,15,HA,20,21,1,direct_unambiguous,1.78,5.5,5.867003153229083,H,HA,0.36700315322908317,0.0,VIOLATED
0,138,15,HG#,18,HN,21,24,3,pseudoatom_group,1.78,5.81,6.648010980737022,HG2,H,0.838010980737022,0.0,VIOLATED
0,157,18,HN,19,HN,24,25,1,direct_unambiguous,1.78,3.52,3.630155093105528,H,H,0.11015509310552796,0.0,VIOLATED
0,158,18,HN,19,HA,24,25,1,direct_unambiguous,1.78,5.09,6.010671426720979,H,HA,0.920671426720979,0.0,VIOLATED
0,159,18,HN,19,HB#,24,25,1,pseudoatom_group,1.78,6.03,6.051315724699878,H,HB2,0.021315724699877414,0.0,VIOLATED
0,183,19,HN,22,HD21,25,28,3,direct_unambiguous,1.78,4.79,6.387112414855403,H,HD21,1.5971124148554026,0.0,VIOLATED
0,195,20,HN,22,HN,26,28,2,direct_unambiguous,1.78,4.2,4.90355004053186,H,H,0.7035500405318595,0.0,VIOLATED
0,234,23,HN,24,HA,29,30,1,direct_unambiguous,1.78,5.5,5.527910816936178,H,HA,0.027910816936177696,0.0,VIOLATED
0,242,24,HA,25,HB#,30,31,1,pseudoatom_group,1.78,5.93,6.218966956014479,HA,HB2,0.2889669560144794,0.0,VIOLATED
0,243,24,HA,26,HN,30,32,2,direct_unambiguous,1.78,4.77,5.01717051733345,HA,H,0.2471705173334504,0.0,VIOLATED
0,244,24,HA,26,HG#,30,32,2,pseudoatom_group,1.78,6.96,7.03569833065631,HA,HG2,0.07569833065631038,0.0,VIOLATED
0,283,30,HN,32,HN,36,38,2,direct_unambiguous,1.78,4.7,5.274391528887478,H,H,0.5743915288874781,0.0,VIOLATED
0,287,31,HA,36,HD21,37,42,5,direct_unambiguous,1.78,5.01,9.637664343605246,HA,HD21,4.627664343605247,0.0,VIOLATED
0,291,32,HN,33,HN,38,39,1,direct_unambiguous,1.78,3.37,3.829608465626741,H,H,0.45960846562674096,0.0,VIOLATED
0,339,36,HA,38,HN,42,44,2,direct_unambiguous,1.78,4.7,6.072495533139568,HA,H,1.3724955331395678,0.0,VIOLATED
0,342,36,HD21,37,HN,42,43,1,direct_unambiguous,1.78,5.5,6.94498444922665,HD21,H,1.4449844492266504,0.0,VIOLATED
0,344,36,OD1,38,HN,42,44,2,direct_unambiguous,1.78,2.4,8.409679779872711,OD1,H,6.009679779872711,0.0,VIOLATED
0,349,37,HN,38,HN,43,44,1,direct_unambiguous,1.78,4.2,4.709256629235658,H,H,0.509256629235658,0.0,VIOLATED
1,14,1,HA,2,HN,7,8,1,direct_unambiguous,1.78,3.63,3.780777697775946,HA,H,0.15077769777594607,0.0,VIOLATED
1,29,3,HE#,5,HA,9,11,2,pseudoatom_group,1.78,7.69,9.447138667342617,HE2,HA,1.757138667342617,0.0,VIOLATED
1,30,3,HE#,5,HG#,9,11,2,pseudoatom_group,1.78,8.58,11.559780317981827,HE2,HG2,2.9797803179818274,0.0,VIOLATED
1,66,10,HA,11,HN,16,17,1,direct_unambiguous,1.78,3.28,3.835171573736957,HA,H,0.5551715737369571,0.0,VIOLATED
1,67,10,HA,11,HB#,16,17,1,pseudoatom_group,1.78,5.67,6.128273003057225,HA,HB2,0.45827300305722485,0.0,VIOLATED
1,93,11,HG#,12,HA,17,18,1,pseudoatom_group,1.78,5.56,6.484369283130008,HG2,HA,0.9243692831300088,0.0,VIOLATED
1,102,12,HB#,14,HN,18,20,2,pseudoatom_group,1.78,5.33,5.667677654912989,HB3,H,0.33767765491298896,0.0,VIOLATED
1,114,14,HN,14,HG#,20,20,0,pseudoatom_group,1.78,4.33,4.402859298228823,H,HG2,0.0728592982288232,0.0,VIOLATED
1,124,15,HN,17,HN,21,23,2,direct_unambiguous,1.78,4.4,5.277057039676565,H,H,0.8770570396765649,0.0,VIOLATED
1,158,18,HN,19,HA,24,25,1,direct_unambiguous,1.78,5.09,5.501378554507951,H,HA,0.4113785545079516,0.0,VIOLATED
1,183,19,HN,22,HD21,25,28,3,direct_unambiguous,1.78,4.79,4.898749330186227,H,HD21,0.10874933018622723,0.0,VIOLATED
1,195,20,HN,22,HN,26,28,2,direct_unambiguous,1.78,4.2,4.794715737142297,H,H,0.5947157371422964,0.0,VIOLATED
1,205,21,HN,23,HN,27,29,2,direct_unambiguous,1.78,4.7,4.910520237205015,H,H,0.21052023720501456,0.0,VIOLATED
1,213,22,HN,23,HN,28,29,1,direct_unambiguous,1.78,3.7,3.9046964030510747,H,H,0.2046964030510745,0.0,VIOLATED
1,234,23,HN,24,HA,29,30,1,direct_unambiguous,1.78,5.5,5.898240246039492,H,HA,0.39824024603949226,0.0,VIOLATED
1,235,23,HN,25,HN,29,31,2,direct_unambiguous,1.78,4.7,5.227547321641382,H,H,0.5275473216413822,0.0,VIOLATED
1,242,24,HA,25,HB#,30,31,1,pseudoatom_group,1.78,5.93,6.103012452879316,HA,HB2,0.17301245287931621,0.0,VIOLATED
1,243,24,HA,26,HN,30,32,2,direct_unambiguous,1.78,4.77,5.133028832960127,HA,H,0.36302883296012745,0.0,VIOLATED
1,244,24,HA,26,HG#,30,32,2,pseudoatom_group,1.78,6.96,6.998593358668584,HA,HG3,0.038593358668584266,0.0,VIOLATED
1,287,31,HA,36,HD21,37,42,5,direct_unambiguous,1.78,5.01,8.830050396232176,HA,HD21,3.820050396232176,0.0,VIOLATED
1,339,36,HA,38,HN,42,44,2,direct_unambiguous,1.78,4.7,5.809862304736667,HA,H,1.1098623047366667,0.0,VIOLATED
1,342,36,HD21,37,HN,42,43,1,direct_unambiguous,1.78,5.5,6.426859730848341,HD21,H,0.9268597308483413,0.0,VIOLATED
1,344,36,OD1,38,HN,42,44,2,direct_unambiguous,1.78,2.4,8.180771907344688,OD1,H,5.780771907344688,0.0,VIOLATED
1,349,37,HN,38,HN,43,44,1,direct_unambiguous,1.78,4.2,4.574387937199908,H,H,0.3743879371999075,0.0,VIOLATED
2,14,1,HA,2,HN,7,8,1,direct_unambiguous,1.78,3.63,3.8671163675276192,HA,H,0.23711636752761933,0.0,VIOLATED
2,24,3,HA,4,HG#,9,10,1,pseudoatom_group,1.78,6.53,7.238223331729963,HA,HG2,0.7082233317299629,0.0,VIOLATED
2,29,3,HE#,5,HA,9,11,2,pseudoatom_group,1.78,7.69,9.300767548971432,HE2,HA,1.610767548971432,0.0,VIOLATED
2,30,3,HE#,5,HG#,9,11,2,pseudoatom_group,1.78,8.58,11.476339921769483,HE2,HG2,2.896339921769483,0.0,VIOLATED
2,66,10,HA,11,HN,16,17,1,direct_unambiguous,1.78,3.28,3.845308440164456,HA,H,0.5653084401644564,0.0,VIOLATED
2,67,10,HA,11,HB#,16,17,1,pseudoatom_group,1.78,5.67,6.118107223643599,HA,HB2,0.448107223643599,0.0,VIOLATED
2,73,10,HB2,13,HN,16,19,3,legacy_stereospecific,1.78,6.0,6.0558673202110365,HB3,H,0.055867320211036464,0.0,VIOLATED
2,77,10,HB1,13,HN,16,19,3,legacy_stereospecific,1.78,6.0,6.088630880583911,HB2,H,0.08863088058391089,0.0,VIOLATED
2,93,11,HG#,12,HA,17,18,1,pseudoatom_group,1.78,5.56,6.49936796927209,HG3,HA,0.93936796927209,0.0,VIOLATED
2,102,12,HB#,14,HN,18,20,2,pseudoatom_group,1.78,5.33,5.479939415723499,HB3,H,0.149939415723499,0.0,VIOLATED
2,112,14,HN,14,HG2,20,20,0,legacy_stereospecific,1.78,4.63,4.782476555091514,H,HG3,0.15247655509151414,0.0,VIOLATED
2,114,14,HN,14,HG#,20,20,0,pseudoatom_group,1.78,4.33,4.441310167056563,H,HG2,0.11131016705656283,0.0,VIOLATED
2,124,15,HN,17,HN,21,23,2,direct_unambiguous,1.78,4.4,5.073489233259494,H,H,0.6734892332594935,0.0,VIOLATED
2,147,16,HN,17,HN,22,23,1,direct_unambiguous,1.78,3.38,4.118738399073193,H,H,0.7387383990731928,0.0,VIOLATED
2,158,18,HN,19,HA,24,25,1,direct_unambiguous,1.78,5.09,5.496720840646722,H,HA,0.406720840646722,0.0,VIOLATED
2,181,19,HN,21,HN,25,27,2,direct_unambiguous,1.78,4.45,4.544463224628406,H,H,0.09446322462840584,0.0,VIOLATED
2,183,19,HN,22,HD21,25,28,3,direct_unambiguous,1.78,4.79,5.282418385550316,H,HD21,0.4924183855503159,0.0,VIOLATED
2,184,19,HA,21,HN,25,27,2,direct_unambiguous,1.78,4.9,4.995615277420792,HA,H,0.09561527742079168,0.0,VIOLATED
2,203,21,HN,22,HA,27,28,1,direct_unambiguous,1.78,5.5,5.697771932957654,H,HA,0.19777193295765372,0.0,VIOLATED
2,206,21,HA,24,HN,27,30,3,direct_unambiguous,1.78,4.2,4.221501273243917,HA,H,0.02150127324391704,0.0,VIOLATED
2,214,22,HN,24,HN,28,30,2,direct_unambiguous,1.78,4.7,5.091945109680584,H,H,0.3919451096805835,0.0,VIOLATED
2,216,22,HN,25,HB#,28,31,3,pseudoatom_group,1.78,5.58,5.64924446275783,H,HB3,0.0692444627578297,0.0,VIOLATED
2,219,22,HA,24,HN,28,30,2,direct_unambiguous,1.78,5.27,5.568163970286795,HA,H,0.29816397028679553,0.0,VIOLATED
2,235,23,HN,25,HN,29,31,2,direct_unambiguous,1.78,4.7,4.71636830622885,H,H,0.016368306228850216,0.0,VIOLATED
2,242,24,HA,25,HB#,30,31,1,pseudoatom_group,1.78,5.93,6.146048974747924,HA,HB3,0.21604897474792395,0.0,VIOLATED
2,244,24,HA,26,HG#,30,32,2,pseudoatom_group,1.78,6.96,7.006742752520603,HA,HG2,0.046742752520603226,0.0,VIOLATED
2,274,29,HN,31,HN,35,37,2,direct_unambiguous,1.78,4.7,4.8522156794602616,H,H,0.15221567946026138,0.0,VIOLATED
2,282,30,HN,31,HN,36,37,1,direct_unambiguous,1.78,3.32,3.4410444635313864,H,H,0.12104446353138654,0.0,VIOLATED
2,283,30,HN,32,HN,36,38,2,direct_unambiguous,1.78,4.7,5.312828531018106,H,H,0.6128285310181054,0.0,VIOLATED
2,287,31,HA,36,HD21,37,42,5,direct_unambiguous,1.78,5.01,9.96426188937244,HA,HD21,4.9542618893724395,0.0,VIOLATED
2,291,32,HN,33,HN,38,39,1,direct_unambiguous,1.78,3.37,3.5319272359435714,H,H,0.16192723594357128,0.0,VIOLATED
2,339,36,HA,38,HN,42,44,2,direct_unambiguous,1.78,4.7,5.932232800556632,HA,H,1.2322328005566314,0.0,VIOLATED
2,342,36,HD21,37,HN,42,43,1,direct_unambiguous,1.78,5.5,7.006521176732435,HD21,H,1.5065211767324351,0.0,VIOLATED
2,344,36,OD1,38,HN,42,44,2,direct_unambiguous,1.78,2.4,8.293349263114386,OD1,H,5.893349263114386,0.0,VIOLATED
2,349,37,HN,38,HN,43,44,1,direct_unambiguous,1.78,4.2,4.562524191716681,H,H,0.36252419171668127,0.0,VIOLATED
3,14,1,HA,2,HN,7,8,1,direct_unambiguous,1.78,3.63,3.7692097314954496,HA,H,0.13920973149544968,0.0,VIOLATED
3,29,3,HE#,5,HA,9,11,2,pseudoatom_group,1.78,7.69,9.451144533864671,HE2,HA,1.7611445338646705,0.0,VIOLATED
3,30,3,HE#,5,HG#,9,11,2,pseudoatom_group,1.78,8.58,11.522417150928014,HE2,HG2,2.942417150928014,0.0,VIOLATED
3,66,10,HA,11,HN,16,17,1,direct_unambiguous,1.78,3.28,3.849195630258354,HA,H,0.5691956302583541,0.0,VIOLATED
3,67,10,HA,11,HB#,16,17,1,pseudoatom_group,1.78,5.67,6.172164774210098,HA,HB2,0.5021647742100983,0.0,VIOLATED
3,73,10,HB2,13,HN,16,19,3,legacy_stereospecific,1.78,6.0,6.373528849860176,HB3,H,0.3735288498601763,0.0,VIOLATED
3,77,10,HB1,13,HN,16,19,3,legacy_stereospecific,1.78,6.0,6.4296021649865684,HB2,H,0.42960216498656845,0.0,VIOLATED
3,93,11,HG#,12,HA,17,18,1,pseudoatom_group,1.78,5.56,6.5275221179249945,HG2,HA,0.9675221179249949,0.0,VIOLATED
3,102,12,HB#,14,HN,18,20,2,pseudoatom_group,1.78,5.33,5.9844490139026165,HB2,H,0.6544490139026164,0.0,VIOLATED
3,113,14,HN,14,HG1,20,20,0,legacy_stereospecific,1.78,4.63,4.745728816525445,H,HG2,0.11572881652544531,0.0,VIOLATED
3,114,14,HN,14,HG#,20,20,0,pseudoatom_group,1.78,4.33,4.626032965727763,H,HG3,0.29603296572776294,0.0,VIOLATED
3,116,14,HN,15,HA,20,21,1,direct_unambiguous,1.78,5.5,5.792656212826721,H,HA,0.2926562128267207,0.0,VIOLATED
3,119,14,HA,17,HN,20,23,3,direct_unambiguous,1.78,4.2,4.2382780701600975,HA,H,0.03827807016009732,0.0,VIOLATED
3,124,15,HN,17,HN,21,23,2,direct_unambiguous,1.78,4.4,5.21897020493507,H,H,0.81897020493507,0.0,VIOLATED
3,147,16,HN,17,HN,22,23,1,direct_unambiguous,1.78,3.38,4.0261110267850295,H,H,0.6461110267850296,0.0,VIOLATED
3,158,18,HN,19,HA,24,25,1,direct_unambiguous,1.78,5.09,5.461830004677919,H,HA,0.3718300046779195,0.0,VIOLATED
3,163,18,HA,20,HN,24,26,2,direct_unambiguous,1.78,4.7,5.531763733204809,HA,H,0.8317637332048085,0.0,VIOLATED
3,172,18,HB#,20,HN,24,26,2,pseudoatom_group,1.78,5.39,5.911054474457158,HB2,H,0.5210544744571584,0.0,VIOLATED
3,181,19,HN,21,HN,25,27,2,direct_unambiguous,1.78,4.45,4.6859720443041475,H,H,0.2359720443041473,0.0,VIOLATED
3,183,19,HN,22,HD21,25,28,3,direct_unambiguous,1.78,4.79,6.796501232251784,H,HD21,2.006501232251784,0.0,VIOLATED
3,184,19,HA,21,HN,25,27,2,direct_unambiguous,1.78,4.9,5.3116259280939575,HA,H,0.41162592809395715,0.0,VIOLATED
3,194,20,HN,21,HG#,26,27,1,pseudoatom_group,1.78,5.83,6.055356058895299,H,HG3,0.22535605889529897,0.0,VIOLATED
3,195,20,HN,22,HN,26,28,2,direct_unambiguous,1.78,4.2,4.530955197306634,H,H,0.3309551973066336,0.0,VIOLATED
3,202,21,HN,22,HN,27,28,1,direct_unambiguous,1.78,3.27,3.411915297893544,H,H,0.14191529789354407,0.0,VIOLATED
3,203,21,HN,22,HA,27,28,1,direct_unambiguous,1.78,5.5,5.897221210027652,H,HA,0.3972212100276522,0.0,VIOLATED
3,205,21,HN,23,HN,27,29,2,direct_unambiguous,1.78,4.7,5.683622260495502,H,H,0.983622260495502,0.0,VIOLATED
3,206,21,HA,24,HN,27,30,3,direct_unambiguous,1.78,4.2,4.22330415670006,HA,H,0.023304156700059586,0.0,VIOLATED
3,214,22,HN,24,HN,28,30,2,direct_unambiguous,1.78,4.7,4.910062830555226,H,H,0.21006283055522612,0.0,VIOLATED
3,216,22,HN,25,HB#,28,31,3,pseudoatom_group,1.78,5.58,5.734535203484238,H,HB2,0.15453520348423755,0.0,VIOLATED
3,219,22,HA,24,HN,28,30,2,direct_unambiguous,1.78,5.27,5.511113408377658,HA,H,0.24111340837765827,0.0,VIOLATED
3,234,23,HN,24,HA,29,30,1,direct_unambiguous,1.78,5.5,5.973399953125523,H,HA,0.4733999531255231,0.0,VIOLATED
3,235,23,HN,25,HN,29,31,2,direct_unambiguous,1.78,4.7,4.749837681437125,H,H,0.04983768143712464,0.0,VIOLATED
3,242,24,HA,25,HB#,30,31,1,pseudoatom_group,1.78,5.93,6.1493467132696304,HA,HB2,0.21934671326963073,0.0,VIOLATED
3,244,24,HA,26,HG#,30,32,2,pseudoatom_group,1.78,6.96,7.046073303620961,HA,HG3,0.0860733036209611,0.0,VIOLATED
3,274,29,HN,31,HN,35,37,2,direct_unambiguous,1.78,4.7,4.8300585917771235,H,H,0.1300585917771233,0.0,VIOLATED
3,283,30,HN,32,HN,36,38,2,direct_unambiguous,1.78,4.7,4.80070307350913,H,H,0.10070307350912966,0.0,VIOLATED
3,287,31,HA,36,HD21,37,42,5,direct_unambiguous,1.78,5.01,8.313586771063378,HA,HD21,3.3035867710633777,0.0,VIOLATED
3,339,36,HA,38,HN,42,44,2,direct_unambiguous,1.78,4.7,5.940817199678846,HA,H,1.2408171996788457,0.0,VIOLATED
3,342,36,HD21,37,HN,42,43,1,direct_unambiguous,1.78,5.5,6.596582524307567,HD21,H,1.0965825243075669,0.0,VIOLATED
3,344,36,OD1,38,HN,42,44,2,direct_unambiguous,1.78,2.4,8.318475160749115,OD1,H,5.918475160749114,0.0,VIOLATED
3,349,37,HN,38,HN,43,44,1,direct_unambiguous,1.78,4.2,4.512008200347161,H,H,0.3120082003471607,0.0,VIOLATED
4,14,1,HA,2,HN,7,8,1,direct_unambiguous,1.78,3.63,3.7273715940324514,HA,H,0.09737159403245155,0.0,VIOLATED
4,29,3,HE#,5,HA,9,11,2,pseudoatom_group,1.78,7.69,9.292569666136488,HE2,HA,1.602569666136488,0.0,VIOLATED
4,30,3,HE#,5,HG#,9,11,2,pseudoatom_group,1.78,8.58,11.181571043462544,HE2,HG3,2.6015710434625436,0.0,VIOLATED
4,66,10,HA,11,HN,16,17,1,direct_unambiguous,1.78,3.28,3.893109168775004,HA,H,0.6131091687750043,0.0,VIOLATED
4,67,10,HA,11,HB#,16,17,1,pseudoatom_group,1.78,5.67,6.17095300581685,HA,HB3,0.5009530058168501,0.0,VIOLATED
4,73,10,HB2,13,HN,16,19,3,legacy_stereospecific,1.78,6.0,6.136616168541096,HB3,H,0.13661616854109582,0.0,VIOLATED
4,77,10,HB1,13,HN,16,19,3,legacy_stereospecific,1.78,6.0,6.147843931005404,HB2,H,0.14784393100540427,0.0,VIOLATED
4,93,11,HG#,12,HA,17,18,1,pseudoatom_group,1.78,5.56,6.549656555881383,HG2,HA,0.9896565558813837,0.0,VIOLATED
4,102,12,HB#,14,HN,18,20,2,pseudoatom_group,1.78,5.33,5.462175116196844,HB3,H,0.1321751161968443,0.0,VIOLATED
4,113,14,HN,14,HG1,20,20,0,legacy_stereospecific,1.78,4.63,4.7949491133900475,H,HG2,0.16494911339004759,0.0,VIOLATED
4,114,14,HN,14,HG#,20,20,0,pseudoatom_group,1.78,4.33,4.492032168184018,H,HG3,0.16203216818401778,0.0,VIOLATED
4,147,16,HN,17,HN,22,23,1,direct_unambiguous,1.78,3.38,3.5607496401741017,H,H,0.18074964017410178,0.0,VIOLATED
4,152,17,HA,19,HN,23,25,2,direct_unambiguous,1.78,4.7,4.757132854987341,HA,H,0.057132854987340664,0.0,VIOLATED
4,158,18,HN,19,HA,24,25,1,direct_unambiguous,1.78,5.09,5.473556978784455,H,HA,0.3835569787844548,0.0,VIOLATED
4,163,18,HA,20,HN,24,26,2,direct_unambiguous,1.78,4.7,5.301523931852048,HA,H,0.6015239318520482,0.0,VIOLATED
4,172,18,HB#,20,HN,24,26,2,pseudoatom_group,1.78,5.39,5.539746293829709,HB2,H,0.1497462938297094,0.0,VIOLATED
4,183,19,HN,22,HD21,25,28,3,direct_unambiguous,1.78,4.79,6.5545156190217435,H,HD21,1.7645156190217435,0.0,VIOLATED
4,195,20,HN,22,HN,26,28,2,direct_unambiguous,1.78,4.2,4.469284730244875,H,H,0.2692847302448751,0.0,VIOLATED
4,205,21,HN,23,HN,27,29,2,direct_unambiguous,1.78,4.7,5.255541170992764,H,H,0.5555411709927638,0.0,VIOLATED
4,216,22,HN,25,HB#,28,31,3,pseudoatom_group,1.78,5.58,5.84252659386331,H,HB3,0.2625265938633099,0.0,VIOLATED
4,219,22,HA,24,HN,28,30,2,direct_unambiguous,1.78,5.27,5.360633917737715,HA,H,0.09063391773771556,0.0,VIOLATED
4,234,23,HN,24,HA,29,30,1,direct_unambiguous,1.78,5.5,5.988408219218192,H,HA,0.4884082192181918,0.0,VIOLATED
4,242,24,HA,25,HB#,30,31,1,pseudoatom_group,1.78,5.93,6.301913201560301,HA,HB3,0.37191320156030105,0.0,VIOLATED
4,252,25,HN,25,HD1,31,31,0,legacy_stereospecific,1.78,4.76,4.7935662089930515,H,HD2,0.03356620899305174,0.0,VIOLATED
4,282,30,HN,31,HN,36,37,1,direct_unambiguous,1.78,3.32,3.463078976864375,H,H,0.1430789768643752,0.0,VIOLATED
4,287,31,HA,36,HD21,37,42,5,direct_unambiguous,1.78,5.01,9.966922945423025,HA,HD21,4.956922945423026,0.0,VIOLATED
4,339,36,HA,38,HN,42,44,2,direct_unambiguous,1.78,4.7,5.848030352178418,HA,H,1.1480303521784174,0.0,VIOLATED
4,342,36,HD21,37,HN,42,43,1,direct_unambiguous,1.78,5.5,6.758648163649297,HD21,H,1.2586481636492968,0.0,VIOLATED
4,344,36,OD1,38,HN,42,44,2,direct_unambiguous,1.78,2.4,8.205604243442403,OD1,H,5.805604243442403,0.0,VIOLATED
4,349,37,HN,38,HN,43,44,1,direct_unambiguous,1.78,4.2,4.774365507583184,H,H,0.5743655075831837,0.0,VIOLATED
