AF3_sample,NMR_residue_1,NMR_atom_1,NMR_residue_2,NMR_atom_2,AF3_residue_1,AF3_residue_2,Lower_bound_A,Upper_bound_A,Minimum_compatible_distance_A,AF3_atom_1,AF3_atom_2,Status
0,10,HB2,14,HB#,16,20,1.78,6.9,6.309120223929797,HB3,HB2,SATISFIED
0,10,HB1,14,HB#,16,20,1.78,6.9,5.91368252445124,HB2,HB2,SATISFIED
0,10,HB#,14,HB#,16,20,1.78,6.78,5.91368252445124,HB2,HB2,SATISFIED
0,11,HA,15,HN,17,21,1.78,5.5,3.9078915030998487,HA,H,SATISFIED
0,12,HA,16,HN,18,22,1.78,4.72,3.974522487041683,HA,H,SATISFIED
0,15,HA,19,HN,21,25,1.78,5.08,4.257262148376583,HA,H,SATISFIED
0,15,HG#,19,HN,21,25,1.78,6.47,4.5196488801675745,HG2,H,SATISFIED
0,15,HE21,19,HB#,21,25,1.78,6.78,6.323937539223485,HE21,HB2,SATISFIED
0,18,HA,22,HN,24,28,1.78,4.7,3.939579292259518,HA,H,SATISFIED
0,18,HB#,22,HD22,24,28,1.78,6.39,5.804537621550919,HB3,HD22,SATISFIED
0,18,HD#,22,HD22,24,28,1.78,6.76,5.335659378183731,HD2,HD22,SATISFIED
0,19,HA,23,HN,25,29,1.78,4.7,3.821927524168924,HA,H,SATISFIED
0,22,HA,26,HN,28,32,1.78,4.7,3.9011768737138803,HA,H,SATISFIED
0,29,HA,33,HN,35,39,1.78,5.5,3.892072969511233,HA,H,SATISFIED
1,10,HB2,14,HB#,16,20,1.78,6.9,5.649803624905913,HB3,HB3,SATISFIED
1,10,HB1,14,HB#,16,20,1.78,6.9,6.305735643047526,HB2,HB3,SATISFIED
1,10,HB#,14,HB#,16,20,1.78,6.78,5.649803624905913,HB3,HB3,SATISFIED
1,11,HA,15,HN,17,21,1.78,5.5,3.876237092851779,HA,H,SATISFIED
1,12,HA,16,HN,18,22,1.78,4.72,4.069520979181702,HA,H,SATISFIED
1,15,HA,19,HN,21,25,1.78,5.08,4.242178096214256,HA,H,SATISFIED
1,15,HG#,19,HN,21,25,1.78,6.47,4.374663187035089,HG3,H,SATISFIED
1,15,HE21,19,HB#,21,25,1.78,6.78,5.486127778315048,HE21,HB3,SATISFIED
1,18,HA,22,HN,24,28,1.78,4.7,3.8303771354789595,HA,H,SATISFIED
1,18,HB#,22,HD22,24,28,1.78,6.39,4.409068949336129,HB2,HD22,SATISFIED
1,18,HD#,22,HD22,24,28,1.78,6.76,5.626657800150993,HD3,HD22,SATISFIED
1,19,HA,23,HN,25,29,1.78,4.7,3.7781320781571424,HA,H,SATISFIED
1,22,HA,26,HN,28,32,1.78,4.7,3.9146989667150645,HA,H,SATISFIED
1,29,HA,33,HN,35,39,1.78,5.5,3.9499545567006233,HA,H,SATISFIED
2,10,HB2,14,HB#,16,20,1.78,6.9,5.615432129409099,HB3,HB2,SATISFIED
2,10,HB1,14,HB#,16,20,1.78,6.9,6.330514276107433,HB2,HB2,SATISFIED
2,10,HB#,14,HB#,16,20,1.78,6.78,5.615432129409099,HB3,HB2,SATISFIED
2,11,HA,15,HN,17,21,1.78,5.5,4.171832451093883,HA,H,SATISFIED
2,12,HA,16,HN,18,22,1.78,4.72,3.9788492054864317,HA,H,SATISFIED
2,15,HA,19,HN,21,25,1.78,5.08,4.28341475927793,HA,H,SATISFIED
2,15,HG#,19,HN,21,25,1.78,6.47,4.497952534209316,HG3,H,SATISFIED
2,15,HE21,19,HB#,21,25,1.78,6.78,5.157812520827021,HE21,HB2,SATISFIED
2,18,HA,22,HN,24,28,1.78,4.7,4.05541921384214,HA,H,SATISFIED
2,18,HB#,22,HD22,24,28,1.78,6.39,4.8224436751505975,HB2,HD22,SATISFIED
2,18,HD#,22,HD22,24,28,1.78,6.76,6.263376166254107,HD3,HD22,SATISFIED
2,19,HA,23,HN,25,29,1.78,4.7,4.071157697756253,HA,H,SATISFIED
2,22,HA,26,HN,28,32,1.78,4.7,4.101217502157133,HA,H,SATISFIED
2,29,HA,33,HN,35,39,1.78,5.5,4.026295319521406,HA,H,SATISFIED
3,10,HB2,14,HB#,16,20,1.78,6.9,5.707739044490383,HB3,HB2,SATISFIED
3,10,HB1,14,HB#,16,20,1.78,6.9,6.273811680310462,HB2,HB2,SATISFIED
3,10,HB#,14,HB#,16,20,1.78,6.78,5.707739044490383,HB3,HB2,SATISFIED
3,11,HA,15,HN,17,21,1.78,5.5,4.122490145530977,HA,H,SATISFIED
3,12,HA,16,HN,18,22,1.78,4.72,3.7740113937294897,HA,H,SATISFIED
3,15,HA,19,HN,21,25,1.78,5.08,4.412031391547435,HA,H,SATISFIED
3,15,HG#,19,HN,21,25,1.78,6.47,4.5705300567877245,HG2,H,SATISFIED
3,15,HE21,19,HB#,21,25,1.78,6.78,5.554834020922676,HE21,HB2,SATISFIED
3,18,HA,22,HN,24,28,1.78,4.7,4.148979272061986,HA,H,SATISFIED
3,18,HB#,22,HD22,24,28,1.78,6.39,3.056299396328836,HB3,HD22,SATISFIED
3,18,HD#,22,HD22,24,28,1.78,6.76,4.849141161071721,HD3,HD22,SATISFIED
3,19,HA,23,HN,25,29,1.78,4.7,3.9205813344451865,HA,H,SATISFIED
3,22,HA,26,HN,28,32,1.78,4.7,4.126149173260705,HA,H,SATISFIED
3,29,HA,33,HN,35,39,1.78,5.5,4.2741064563251125,HA,H,SATISFIED
4,10,HB2,14,HB#,16,20,1.78,6.9,5.745749211373571,HB3,HB3,SATISFIED
4,10,HB1,14,HB#,16,20,1.78,6.9,6.311011091734825,HB2,HB3,SATISFIED
4,10,HB#,14,HB#,16,20,1.78,6.78,5.745749211373571,HB3,HB3,SATISFIED
4,11,HA,15,HN,17,21,1.78,5.5,4.060211447695797,HA,H,SATISFIED
4,12,HA,16,HN,18,22,1.78,4.72,3.9179019895857534,HA,H,SATISFIED
4,15,HA,19,HN,21,25,1.78,5.08,4.289109581253434,HA,H,SATISFIED
4,15,HG#,19,HN,21,25,1.78,6.47,4.303404930981978,HG3,H,SATISFIED
4,15,HE21,19,HB#,21,25,1.78,6.78,5.810093028515121,HE21,HB2,SATISFIED
4,18,HA,22,HN,24,28,1.78,4.7,4.22137110427406,HA,H,SATISFIED
4,18,HB#,22,HD22,24,28,1.78,6.39,3.1624503158152533,HB3,HD22,SATISFIED
4,18,HD#,22,HD22,24,28,1.78,6.76,4.972926804206956,HD3,HD22,SATISFIED
4,19,HA,23,HN,25,29,1.78,4.7,3.9807578424214656,HA,H,SATISFIED
4,22,HA,26,HN,28,32,1.78,4.7,4.137166421598241,HA,H,SATISFIED
4,29,HA,33,HN,35,39,1.78,5.5,4.275496345455109,HA,H,SATISFIED
