Source_line,NMR_residue_1,NMR_atom_1,NMR_residue_2,NMR_atom_2,Sequence_separation,Restraint_class,Upper_bound_A,Models_violated,Samples_violated,Mean_distance_A,Mean_upper_violation_A,Minimum_upper_violation_A,Maximum_upper_violation_A
344,36,OD1,38,HN,2,direct_unambiguous,2.4,5,"0,1,2,3,4",8.281576070904661,5.881576070904661,5.780771907344688,6.009679779872711
287,31,HA,36,HD21,5,direct_unambiguous,5.01,5,"0,1,2,3,4",9.342497269139253,4.332497269139253,3.3035867710633777,4.956922945423026
30,3,HE#,5,HG#,2,pseudoatom_group,8.58,5,"0,1,2,3,4",11.444968878210883,2.8649688782108833,2.6015710434625436,2.9797803179818274
29,3,HE#,5,HA,2,pseudoatom_group,7.69,5,"0,1,2,3,4",9.366696947548968,1.6766969475489686,1.602569666136488,1.7611445338646705
342,36,HD21,37,HN,1,direct_unambiguous,5.5,5,"0,1,2,3,4",6.746719208952858,1.246719208952858,0.9268597308483413,1.5065211767324351
339,36,HA,38,HN,2,direct_unambiguous,4.7,5,"0,1,2,3,4",5.920687638058026,1.2206876380580258,1.1098623047366667,1.3724955331395678
183,19,HN,22,HD21,3,direct_unambiguous,4.79,5,"0,1,2,3,4",5.983859396373095,1.1938593963730946,0.10874933018622723,2.006501232251784
93,11,HG#,12,HA,1,pseudoatom_group,5.56,5,"0,1,2,3,4",6.507050050985042,0.9470500509850428,0.9143343287167367,0.9896565558813837
66,10,HA,11,HN,1,direct_unambiguous,3.28,5,"0,1,2,3,4",3.8034490268080026,0.523449026808003,0.3144603211052428,0.6131091687750043
158,18,HN,19,HA,1,direct_unambiguous,5.09,5,"0,1,2,3,4",5.588831561067606,0.4988315610676054,0.3718300046779195,0.920671426720979
67,10,HA,11,HB#,1,pseudoatom_group,5.67,5,"0,1,2,3,4",6.126169687046596,0.45616968704659533,0.3713504285052043,0.5021647742100983
349,37,HN,38,HN,1,direct_unambiguous,4.2,5,"0,1,2,3,4",4.626508493216519,0.42650849321651824,0.3120082003471607,0.5743655075831837
102,12,HB#,14,HN,2,pseudoatom_group,5.33,5,"0,1,2,3,4",5.746748382666931,0.4167483826669308,0.1321751161968443,0.8095007125987053
242,24,HA,25,HB#,1,pseudoatom_group,5.93,5,"0,1,2,3,4",6.18385765969433,0.2538576596943303,0.17301245287931621,0.37191320156030105
14,1,HA,2,HN,1,direct_unambiguous,3.63,5,"0,1,2,3,4",3.798066346480445,0.1680663464804451,0.09737159403245155,0.23711636752761933
114,14,HN,14,HG#,0,pseudoatom_group,4.33,5,"0,1,2,3,4",4.490309292366537,0.16030929236653738,0.0728592982288232,0.29603296572776294
195,20,HN,22,HN,2,direct_unambiguous,4.2,4,"0,1,3,4",4.674626426306416,0.47462642630641616,0.2692847302448751,0.7035500405318595
234,23,HN,24,HA,1,direct_unambiguous,5.5,4,"0,1,3,4",5.846989808829846,0.3469898088298462,0.027910816936177696,0.4884082192181918
244,24,HA,26,HG#,2,pseudoatom_group,6.96,4,"0,1,2,3",7.0217769363666145,0.06177693636661474,0.038593358668584266,0.0860733036209611
124,15,HN,17,HN,2,direct_unambiguous,4.4,3,"1,2,3",5.189838825957043,0.7898388259570428,0.6734892332594935,0.8770570396765649
205,21,HN,23,HN,2,direct_unambiguous,4.7,3,"1,3,4",5.283227889564427,0.5832278895644268,0.21052023720501456,0.983622260495502
147,16,HN,17,HN,1,direct_unambiguous,3.38,3,"2,3,4",3.901866355344108,0.5218663553441081,0.18074964017410178,0.7387383990731928
283,30,HN,32,HN,2,direct_unambiguous,4.7,3,"0,2,3",5.129307711138238,0.42930771113823774,0.10070307350912966,0.6128285310181054
77,10,HB1,13,HN,3,legacy_stereospecific,6.0,3,"2,3,4",6.222025658858628,0.22202565885862788,0.08863088058391089,0.42960216498656845
219,22,HA,24,HN,2,direct_unambiguous,5.27,3,"2,3,4",5.479970432134056,0.20997043213405645,0.09063391773771556,0.29816397028679553
235,23,HN,25,HN,2,direct_unambiguous,4.7,3,"1,2,3",4.897917769769119,0.197917769769119,0.016368306228850216,0.5275473216413822
73,10,HB2,13,HN,3,legacy_stereospecific,6.0,3,"2,3,4",6.1886707795374365,0.1886707795374362,0.055867320211036464,0.3735288498601763
216,22,HN,25,HB#,3,pseudoatom_group,5.58,3,"2,3,4",5.7421020867017925,0.16210208670179238,0.0692444627578297,0.2625265938633099
113,14,HN,14,HG1,0,legacy_stereospecific,4.63,3,"0,3,4",4.765576446128166,0.13557644612816558,0.11572881652544531,0.16494911339004759
163,18,HA,20,HN,2,direct_unambiguous,4.7,2,"3,4",5.416643832528429,0.7166438325284283,0.6015239318520482,0.8317637332048085
172,18,HB#,20,HN,2,pseudoatom_group,5.39,2,"3,4",5.725400384143434,0.33540038414343387,0.1497462938297094,0.5210544744571584
116,14,HN,15,HA,1,direct_unambiguous,5.5,2,"0,3",5.829829683027902,0.32982968302790194,0.2926562128267207,0.36700315322908317
291,32,HN,33,HN,1,direct_unambiguous,3.37,2,"0,2",3.6807678507851564,0.3107678507851561,0.16192723594357128,0.45960846562674096
243,24,HA,26,HN,2,direct_unambiguous,4.77,2,"0,1",5.075099675146788,0.30509967514678893,0.2471705173334504,0.36302883296012745
214,22,HN,24,HN,2,direct_unambiguous,4.7,2,"2,3",5.001003970117905,0.3010039701179048,0.21006283055522612,0.3919451096805835
203,21,HN,22,HA,1,direct_unambiguous,5.5,2,"2,3",5.797496571492653,0.29749657149265296,0.19777193295765372,0.3972212100276522
184,19,HA,21,HN,2,direct_unambiguous,4.9,2,"2,3",5.153620602757375,0.2536206027573744,0.09561527742079168,0.41162592809395715
181,19,HN,21,HN,2,direct_unambiguous,4.45,2,"2,3",4.615217634466276,0.16521763446627658,0.09446322462840584,0.2359720443041473
274,29,HN,31,HN,2,direct_unambiguous,4.7,2,"2,3",4.841137135618693,0.14113713561869234,0.1300585917771233,0.15221567946026138
282,30,HN,31,HN,1,direct_unambiguous,3.32,2,"2,4",3.4520617201978805,0.13206172019788087,0.12104446353138654,0.1430789768643752
206,21,HA,24,HN,3,direct_unambiguous,4.2,2,"2,3",4.222402714971988,0.022402714971988313,0.02150127324391704,0.023304156700059586
138,15,HG#,18,HN,3,pseudoatom_group,5.81,1,0,6.648010980737022,0.838010980737022,0.838010980737022,0.838010980737022
24,3,HA,4,HG#,1,pseudoatom_group,6.53,1,2,7.238223331729963,0.7082233317299629,0.7082233317299629,0.7082233317299629
86,11,HN,12,HB#,1,pseudoatom_group,5.54,1,0,6.018234791032999,0.4782347910329987,0.4782347910329987,0.4782347910329987
194,20,HN,21,HG#,1,pseudoatom_group,5.83,1,3,6.055356058895299,0.22535605889529897,0.22535605889529897,0.22535605889529897
213,22,HN,23,HN,1,direct_unambiguous,3.7,1,1,3.9046964030510747,0.2046964030510745,0.2046964030510745,0.2046964030510745
112,14,HN,14,HG2,0,legacy_stereospecific,4.63,1,2,4.782476555091514,0.15247655509151414,0.15247655509151414,0.15247655509151414
202,21,HN,22,HN,1,direct_unambiguous,3.27,1,3,3.411915297893544,0.14191529789354407,0.14191529789354407,0.14191529789354407
157,18,HN,19,HN,1,direct_unambiguous,3.52,1,0,3.630155093105528,0.11015509310552796,0.11015509310552796,0.11015509310552796
152,17,HA,19,HN,2,direct_unambiguous,4.7,1,4,4.757132854987341,0.057132854987340664,0.057132854987340664,0.057132854987340664
119,14,HA,17,HN,3,direct_unambiguous,4.2,1,3,4.2382780701600975,0.03827807016009732,0.03827807016009732,0.03827807016009732
252,25,HN,25,HD1,0,legacy_stereospecific,4.76,1,4,4.7935662089930515,0.03356620899305174,0.03356620899305174,0.03356620899305174
159,18,HN,19,HB#,1,pseudoatom_group,6.03,1,0,6.051315724699878,0.021315724699877414,0.021315724699877414,0.021315724699877414
