AF3_sample,NMR_residue,AF3_residue,Target_phi_deg,Tolerance_deg,AF3_phi_deg,Deviation_deg,Status
0,6,12,-60.0,30.0,-66.28301011042022,6.283010110420207,SATISFIED
0,7,13,-60.0,40.0,-62.81034234754848,2.8103423475484703,SATISFIED
0,9,15,-60.0,40.0,-60.39467373655995,0.39467373655995175,SATISFIED
0,11,17,-60.0,40.0,-64.75075707701495,4.750757077014953,SATISFIED
0,12,18,-60.0,40.0,-62.659230523436925,2.659230523436918,SATISFIED
0,14,20,-60.0,30.0,-61.70067083173022,1.7006708317302355,SATISFIED
0,15,21,-60.0,30.0,-64.17648269698746,4.1764826969874775,SATISFIED
0,16,22,-60.0,30.0,-63.114883333430896,3.114883333430896,SATISFIED
0,17,23,-60.0,30.0,-62.10007138079363,2.100071380793622,SATISFIED
0,18,24,-60.0,30.0,-61.574217508789346,1.5742175087893315,SATISFIED
0,19,25,-60.0,30.0,-61.65195827765178,1.6519582776517723,SATISFIED
0,20,26,-60.0,30.0,-64.93731478484894,4.9373147848489225,SATISFIED
0,21,27,-60.0,30.0,-65.53143300581559,5.531433005815586,SATISFIED
0,22,28,-60.0,30.0,-62.43296250691588,2.432962506915885,SATISFIED
0,23,29,-60.0,30.0,-63.029037199836786,3.029037199836779,SATISFIED
0,24,30,-60.0,30.0,-61.04304460555995,1.0430446055599418,SATISFIED
0,25,31,-60.0,30.0,-62.072006346582945,2.0720063465829526,SATISFIED
0,26,32,-60.0,30.0,-61.87135533471689,1.8713553347168954,SATISFIED
0,27,33,-60.0,30.0,-63.93680229323538,3.936802293235388,SATISFIED
0,28,34,-60.0,30.0,-65.94856589181708,5.948565891817083,SATISFIED
0,29,35,-60.0,30.0,-64.84190168566623,4.841901685666244,SATISFIED
0,30,36,-60.0,30.0,-62.11805935815518,2.1180593581551648,SATISFIED
0,31,37,-60.0,30.0,-64.52419350461606,4.524193504616051,SATISFIED
0,33,39,-60.0,40.0,-65.76786148299308,5.767861482993084,SATISFIED
0,34,40,-60.0,30.0,-59.30456265529034,0.69543734470966,SATISFIED
0,36,42,-120.0,40.0,-80.68029728406883,39.31970271593116,SATISFIED
0,38,44,-120.0,40.0,-104.46611247695957,15.533887523040448,SATISFIED
1,6,12,-60.0,30.0,-65.6873361426854,5.68733614268541,SATISFIED
1,7,13,-60.0,40.0,-61.907022923826,1.9070229238259913,SATISFIED
1,9,15,-60.0,40.0,-59.91140326825533,0.08859673174467275,SATISFIED
1,11,17,-60.0,40.0,-64.5963714962204,4.596371496220399,SATISFIED
1,12,18,-60.0,40.0,-61.849061183426706,1.8490611834266986,SATISFIED
1,14,20,-60.0,30.0,-61.003461860609555,1.0034618606095478,SATISFIED
1,15,21,-60.0,30.0,-63.032170213469115,3.032170213469101,SATISFIED
1,16,22,-60.0,30.0,-62.029539683460875,2.0295396834608823,SATISFIED
1,17,23,-60.0,30.0,-61.78023288573874,1.7802328857387408,SATISFIED
1,18,24,-60.0,30.0,-62.22318236093367,2.223182360933663,SATISFIED
1,19,25,-60.0,30.0,-61.18601233061733,1.1860123306173307,SATISFIED
1,20,26,-60.0,30.0,-64.25822736345728,4.25822736345728,SATISFIED
1,21,27,-60.0,30.0,-65.01532154984491,5.015321549844913,SATISFIED
1,22,28,-60.0,30.0,-61.51209088724393,1.5120908872439145,SATISFIED
1,23,29,-60.0,30.0,-62.64497552790072,2.6449755279007263,SATISFIED
1,24,30,-60.0,30.0,-60.6426632444224,0.6426632444224083,SATISFIED
1,25,31,-60.0,30.0,-61.85451614901859,1.8545161490185933,SATISFIED
1,26,32,-60.0,30.0,-61.311564232764255,1.3115642327642547,SATISFIED
1,27,33,-60.0,30.0,-63.03279453892801,3.032794538928016,SATISFIED
1,28,34,-60.0,30.0,-65.07860818059578,5.078608180595779,SATISFIED
1,29,35,-60.0,30.0,-63.09867460263517,3.0986746026351852,SATISFIED
1,30,36,-60.0,30.0,-61.66966513218045,1.6696651321804552,SATISFIED
1,31,37,-60.0,30.0,-64.23958387682319,4.23958387682319,SATISFIED
1,33,39,-60.0,40.0,-66.46029285764251,6.460292857642514,SATISFIED
1,34,40,-60.0,30.0,-59.70057746103666,0.29942253896334137,SATISFIED
1,36,42,-120.0,40.0,-84.36430324616278,35.63569675383724,SATISFIED
1,38,44,-120.0,40.0,-92.46463719020639,27.53536280979361,SATISFIED
2,6,12,-60.0,30.0,-65.2290573200358,5.229057320035793,SATISFIED
2,7,13,-60.0,40.0,-62.72935535322352,2.729355353223525,SATISFIED
2,9,15,-60.0,40.0,-60.81427269737369,0.8142726973736956,SATISFIED
2,11,17,-60.0,40.0,-64.98407379471121,4.9840737947112075,SATISFIED
2,12,18,-60.0,40.0,-62.17546057750253,2.1754605775025198,SATISFIED
2,14,20,-60.0,30.0,-61.142287841785425,1.1422878417854179,SATISFIED
2,15,21,-60.0,30.0,-63.69163449631681,3.6916344963167944,SATISFIED
2,16,22,-60.0,30.0,-62.06671966719396,2.0667196671939507,SATISFIED
2,17,23,-60.0,30.0,-62.25810709214416,2.2581070921441437,SATISFIED
2,18,24,-60.0,30.0,-62.90591404356385,2.905914043563854,SATISFIED
2,19,25,-60.0,30.0,-61.053373495071895,1.0533734950718951,SATISFIED
2,20,26,-60.0,30.0,-65.31722385984182,5.317223859841818,SATISFIED
2,21,27,-60.0,30.0,-65.16801326120103,5.168013261201025,SATISFIED
2,22,28,-60.0,30.0,-61.90777155535377,1.9077715553537757,SATISFIED
2,23,29,-60.0,30.0,-62.42333064441703,2.4233306444170353,SATISFIED
2,24,30,-60.0,30.0,-60.910311313489295,0.9103113134893022,SATISFIED
2,25,31,-60.0,30.0,-62.311254632444154,2.311254632444161,SATISFIED
2,26,32,-60.0,30.0,-60.77887208791141,0.7788720879113953,SATISFIED
2,27,33,-60.0,30.0,-63.85053056308682,3.8505305630868065,SATISFIED
2,28,34,-60.0,30.0,-65.47734451896571,5.477344518965708,SATISFIED
2,29,35,-60.0,30.0,-63.94281989261837,3.9428198926183597,SATISFIED
2,30,36,-60.0,30.0,-61.49745917495919,1.4974591749592037,SATISFIED
2,31,37,-60.0,30.0,-65.07651958088259,5.076519580882575,SATISFIED
2,33,39,-60.0,40.0,-65.18585145035954,5.185851450359536,SATISFIED
2,34,40,-60.0,30.0,-59.81462559170711,0.18537440829288698,SATISFIED
2,36,42,-120.0,40.0,-82.35675290048664,37.64324709951336,SATISFIED
2,38,44,-120.0,40.0,-91.66498263263807,28.335017367361928,SATISFIED
3,6,12,-60.0,30.0,-66.15426353644666,6.154263536446649,SATISFIED
3,7,13,-60.0,40.0,-62.76789308589917,2.767893085899175,SATISFIED
3,9,15,-60.0,40.0,-60.01663962239545,0.01663962239544503,SATISFIED
3,11,17,-60.0,40.0,-64.99863673369808,4.998636733698078,SATISFIED
3,12,18,-60.0,40.0,-62.151776459430295,2.1517764594302946,SATISFIED
3,14,20,-60.0,30.0,-61.022616417283984,1.0226164172839844,SATISFIED
3,15,21,-60.0,30.0,-63.26576685609808,3.2657668560980824,SATISFIED
3,16,22,-60.0,30.0,-61.75112623594884,1.7511262359488455,SATISFIED
3,17,23,-60.0,30.0,-62.16379869054694,2.1637986905469404,SATISFIED
3,18,24,-60.0,30.0,-62.92865724759674,2.928657247596732,SATISFIED
3,19,25,-60.0,30.0,-61.45009056186363,1.4500905618636466,SATISFIED
3,20,26,-60.0,30.0,-65.13810608108362,5.138106081083606,SATISFIED
3,21,27,-60.0,30.0,-65.19301743391799,5.193017433917987,SATISFIED
3,22,28,-60.0,30.0,-62.0032662919581,2.0032662919580844,SATISFIED
3,23,29,-60.0,30.0,-62.918682475599766,2.9186824755997804,SATISFIED
3,24,30,-60.0,30.0,-60.8257981840105,0.8257981840104947,SATISFIED
3,25,31,-60.0,30.0,-62.24105387061112,2.2410538706111254,SATISFIED
3,26,32,-60.0,30.0,-61.40023362295026,1.4002336229502532,SATISFIED
3,27,33,-60.0,30.0,-63.27936151109553,3.2793615110955443,SATISFIED
3,28,34,-60.0,30.0,-64.93822788140497,4.93822788140497,SATISFIED
3,29,35,-60.0,30.0,-63.824009565339956,3.8240095653399635,SATISFIED
3,30,36,-60.0,30.0,-59.94671928728435,0.05328071271566159,SATISFIED
3,31,37,-60.0,30.0,-64.89868393847665,4.898683938476665,SATISFIED
3,33,39,-60.0,40.0,-66.13132707108491,6.131327071084911,SATISFIED
3,34,40,-60.0,30.0,-60.13941418581048,0.13941418581049447,SATISFIED
3,36,42,-120.0,40.0,-85.27648664789386,34.723513352106124,SATISFIED
3,38,44,-120.0,40.0,-96.94967715724175,23.05032284275825,SATISFIED
4,6,12,-60.0,30.0,-65.28824133334221,5.288241333342228,SATISFIED
4,7,13,-60.0,40.0,-62.60495426067519,2.6049542606751857,SATISFIED
4,9,15,-60.0,40.0,-59.56062637879529,0.4393736212047088,SATISFIED
4,11,17,-60.0,40.0,-65.38235794185765,5.382357941857663,SATISFIED
4,12,18,-60.0,40.0,-62.185895046444394,2.1858950464443865,SATISFIED
4,14,20,-60.0,30.0,-61.05554935858777,1.0555493585877684,SATISFIED
4,15,21,-60.0,30.0,-63.56128194285501,3.561281942855004,SATISFIED
4,16,22,-60.0,30.0,-61.66361698101655,1.6636169810165597,SATISFIED
4,17,23,-60.0,30.0,-61.80121081736701,1.8012108173670072,SATISFIED
4,18,24,-60.0,30.0,-62.75115135107932,2.7511513510793293,SATISFIED
4,19,25,-60.0,30.0,-61.4093253880754,1.4093253880753878,SATISFIED
4,20,26,-60.0,30.0,-64.49459064005872,4.494590640058732,SATISFIED
4,21,27,-60.0,30.0,-65.01161090117127,5.011610901171252,SATISFIED
4,22,28,-60.0,30.0,-61.7239330438746,1.7239330438746094,SATISFIED
4,23,29,-60.0,30.0,-62.6404745000071,2.6404745000070875,SATISFIED
4,24,30,-60.0,30.0,-60.43004713396771,0.43004713396771876,SATISFIED
4,25,31,-60.0,30.0,-62.463321918085576,2.463321918085569,SATISFIED
4,26,32,-60.0,30.0,-61.40726601071399,1.4072660107139825,SATISFIED
4,27,33,-60.0,30.0,-63.235839649150186,3.2358396491501935,SATISFIED
4,28,34,-60.0,30.0,-64.7087484374241,4.708748437424106,SATISFIED
4,29,35,-60.0,30.0,-63.96520050171581,3.965200501715799,SATISFIED
4,30,36,-60.0,30.0,-61.79139753773302,1.791397537733019,SATISFIED
4,31,37,-60.0,30.0,-64.24742421403462,4.2474242140346234,SATISFIED
4,33,39,-60.0,40.0,-65.017937090046,5.0179370900460185,SATISFIED
4,34,40,-60.0,30.0,-60.26425835395309,0.26425835395309605,SATISFIED
4,36,42,-120.0,40.0,-84.85481602292089,35.145183977079114,SATISFIED
4,38,44,-120.0,40.0,-93.19578466089082,26.80421533910919,SATISFIED
