Source_line,NMR_residue_1,NMR_atom_1,NMR_residue_2,NMR_atom_2,Sequence_separation,Restraint_class,Upper_bound_A,AF3_mean_distance_A,AF3_mean_violation_A,Historical_distance_A,Historical_upper_violation_A,Historical_status,Outcome
14,1,HA,2,HN,1,direct_unambiguous,3.63,3.798066346480445,0.1680663464804451,3.8405792531856457,0.21057925318564585,VIOLATED,BOTH_AF3_AND_HISTORICAL_VIOLATE
29,3,HE#,5,HA,2,pseudoatom_group,7.69,9.366696947548968,1.6766969475489686,9.709456112470974,2.019456112470974,VIOLATED,BOTH_AF3_AND_HISTORICAL_VIOLATE
30,3,HE#,5,HG#,2,pseudoatom_group,8.58,11.444968878210883,2.8649688782108833,10.517011505175793,1.9370115051757928,VIOLATED,BOTH_AF3_AND_HISTORICAL_VIOLATE
66,10,HA,11,HN,1,direct_unambiguous,3.28,3.8034490268080026,0.523449026808003,3.7546549774912754,0.4746549774912756,VIOLATED,BOTH_AF3_AND_HISTORICAL_VIOLATE
67,10,HA,11,HB#,1,pseudoatom_group,5.67,6.126169687046596,0.45616968704659533,6.055741490519555,0.3857414905195551,VIOLATED,BOTH_AF3_AND_HISTORICAL_VIOLATE
93,11,HG#,12,HA,1,pseudoatom_group,5.56,6.507050050985042,0.9470500509850428,6.413543482350456,0.8535434823504566,VIOLATED,BOTH_AF3_AND_HISTORICAL_VIOLATE
102,12,HB#,14,HN,2,pseudoatom_group,5.33,5.746748382666931,0.4167483826669308,5.577705083634307,0.24770508363430732,VIOLATED,BOTH_AF3_AND_HISTORICAL_VIOLATE
114,14,HN,14,HG#,0,pseudoatom_group,4.33,4.490309292366537,0.16030929236653738,2.608331650691682,0.0,SATISFIED,HISTORICAL_RESOLVES_AF3_CONSENSUS_VIOLATION
158,18,HN,19,HA,1,direct_unambiguous,5.09,5.588831561067606,0.4988315610676054,5.409752674568407,0.3197526745684067,VIOLATED,BOTH_AF3_AND_HISTORICAL_VIOLATE
183,19,HN,22,HD21,3,direct_unambiguous,4.79,5.983859396373095,1.1938593963730946,4.753057226670009,0.0,SATISFIED,HISTORICAL_RESOLVES_AF3_CONSENSUS_VIOLATION
242,24,HA,25,HB#,1,pseudoatom_group,5.93,6.18385765969433,0.2538576596943303,6.326982614169255,0.3969826141692554,VIOLATED,BOTH_AF3_AND_HISTORICAL_VIOLATE
287,31,HA,36,HD21,5,direct_unambiguous,5.01,9.342497269139253,4.332497269139253,11.736382492062877,6.726382492062877,VIOLATED,BOTH_AF3_AND_HISTORICAL_VIOLATE
339,36,HA,38,HN,2,direct_unambiguous,4.7,5.920687638058026,1.2206876380580258,3.8555021722208904,0.0,SATISFIED,HISTORICAL_RESOLVES_AF3_CONSENSUS_VIOLATION
342,36,HD21,37,HN,1,direct_unambiguous,5.5,6.746719208952858,1.246719208952858,5.899173586189848,0.399173586189848,VIOLATED,BOTH_AF3_AND_HISTORICAL_VIOLATE
344,36,OD1,38,HN,2,direct_unambiguous,2.4,8.281576070904661,5.881576070904661,5.24596282869027,2.84596282869027,VIOLATED,BOTH_AF3_AND_HISTORICAL_VIOLATE
349,37,HN,38,HN,1,direct_unambiguous,4.2,4.626508493216519,0.42650849321651824,2.837183110058285,0.0,SATISFIED,HISTORICAL_RESOLVES_AF3_CONSENSUS_VIOLATION
