Source_line,NMR_residue_1,NMR_atom_1,NMR_residue_2,NMR_atom_2,Historical_residue_1,Historical_residue_2,Sequence_separation,Restraint_class,Lower_bound_A,Upper_bound_A,Historical_distance_A,Historical_atom_1,Historical_atom_2,Upper_violation_A,Status
14,1,HA,2,HN,7,8,1,direct_unambiguous,1.78,3.63,3.8405792531856457,HA,H,0.21057925318564585,VIOLATED
15,1,HG#,2,HN,7,8,1,pseudoatom_group,1.78,7.04,2.87110153077177,HG2,H,0.0,SATISFIED
17,2,HN,3,HN,8,9,1,direct_unambiguous,1.78,4.33,3.43812288901953,H,H,0.0,SATISFIED
18,2,HA,3,HD#,8,9,1,pseudoatom_group,1.78,9.41,7.397369059334541,HA,HD1,0.0,SATISFIED
20,3,HN,3,HD#,9,9,0,pseudoatom_group,1.78,7.72,4.6630877109486155,H,HD1,0.0,SATISFIED
21,3,HN,3,HE#,9,9,0,pseudoatom_group,1.78,8.82,6.803017933241099,H,HE1,0.0,SATISFIED
22,3,HN,4,HN,9,10,1,direct_unambiguous,1.78,4.7,2.7212434657707494,H,H,0.0,SATISFIED
23,3,HA,4,HB#,9,10,1,pseudoatom_group,1.78,7.64,6.021439861029918,HA,HB3,0.0,SATISFIED
24,3,HA,4,HG#,9,10,1,pseudoatom_group,1.78,6.53,7.4871562692386755,HA,HG2,0.9571562692386753,VIOLATED
25,3,HD#,4,HN,9,10,1,pseudoatom_group,1.78,7.84,3.9528437864403387,HD2,H,0.0,SATISFIED
26,3,HE#,4,HN,9,10,1,pseudoatom_group,1.78,7.29,6.223844953081655,HE2,H,0.0,SATISFIED
27,3,HD#,4,HA,9,10,1,pseudoatom_group,1.78,7.87,3.4157204218144073,HD2,HA,0.0,SATISFIED
28,3,HE#,4,HD#,9,10,1,pseudoatom_group,1.78,8.68,8.361860558512083,HE2,HD3,0.0,SATISFIED
29,3,HE#,5,HA,9,11,2,pseudoatom_group,1.78,7.69,9.709456112470974,HE2,HA,2.019456112470974,VIOLATED
30,3,HE#,5,HG#,9,11,2,pseudoatom_group,1.78,8.58,10.517011505175793,HE2,HG3,1.9370115051757928,VIOLATED
32,4,HN,4,HG#,10,10,0,pseudoatom_group,1.78,5.8,4.42856918202708,H,HG2,0.0,SATISFIED
33,4,HN,4,HD#,10,10,0,pseudoatom_group,1.78,6.9,4.633216377420766,H,HD3,0.0,SATISFIED
34,4,HN,5,HN,10,11,1,direct_unambiguous,1.78,4.7,2.870688245003277,H,H,0.0,SATISFIED
35,4,HB#,4,HE#,10,10,0,pseudoatom_group,1.78,7.8,2.365736460386067,HB2,HE3,0.0,SATISFIED
36,4,HB#,5,HN,10,11,1,pseudoatom_group,1.78,5.73,2.8425061125703843,HB2,H,0.0,SATISFIED
38,5,HN,5,HG#,11,11,0,pseudoatom_group,1.78,6.9,2.6117698979810604,H,HG3,0.0,SATISFIED
39,5,HN,5,HD#,11,11,0,pseudoatom_group,1.78,5.5,3.665059617523295,H,HD2,0.0,SATISFIED
40,5,HN,6,HN,11,12,1,direct_unambiguous,1.78,4.7,2.8876407325011884,H,H,0.0,SATISFIED
41,5,HA,5,HD#,11,11,0,pseudoatom_group,1.78,6.9,4.622255077340498,HA,HD3,0.0,SATISFIED
43,7,HN,7,HG#,13,13,0,pseudoatom_group,1.78,6.9,2.4635100974016715,H,HG3,0.0,SATISFIED
44,7,HN,7,HD#,13,13,0,pseudoatom_group,1.78,5.16,4.227537581145792,H,HD2,0.0,SATISFIED
45,7,HB#,8,HN,13,14,1,pseudoatom_group,1.78,4.57,2.7558949544567177,HB3,H,0.0,SATISFIED
46,7,HB#,8,HG#,13,14,1,pseudoatom_group,1.78,7.8,6.721509949408689,HB3,HG3,0.0,SATISFIED
48,8,HN,8,HB2,14,14,0,legacy_stereospecific,1.78,3.77,2.4511848155534905,H,HB3,0.0,SATISFIED
49,8,HN,8,HB1,14,14,0,legacy_stereospecific,1.78,3.77,2.497761197552721,H,HB2,0.0,SATISFIED
50,8,HN,8,HB#,14,14,0,pseudoatom_group,1.78,3.57,2.4511848155534905,H,HB3,0.0,SATISFIED
51,8,HN,8,HG#,14,14,0,pseudoatom_group,1.78,5.23,4.543066915641899,H,HG3,0.0,SATISFIED
52,8,HN,9,HN,14,15,1,direct_unambiguous,1.78,4.2,2.9050306366714977,H,H,0.0,SATISFIED
53,8,HB2,9,HN,14,15,1,legacy_stereospecific,1.78,4.3,2.91458744936569,HB3,H,0.0,SATISFIED
54,8,HB1,9,HN,14,15,1,legacy_stereospecific,1.78,4.3,4.185470105018075,HB2,H,0.0,SATISFIED
55,8,HB#,9,HN,14,15,1,pseudoatom_group,1.78,4.11,2.91458744936569,HB3,H,0.0,SATISFIED
56,8,HG#,9,HN,14,15,1,pseudoatom_group,1.78,5.68,5.297937900730811,HG3,H,0.0,SATISFIED
58,9,HN,10,HN,15,16,1,direct_unambiguous,1.78,4.2,2.689501998511993,H,H,0.0,SATISFIED
59,9,HN,12,HB#,15,18,3,pseudoatom_group,1.78,6.41,5.51853612835868,H,HB2,0.0,SATISFIED
61,10,HN,10,HB2,16,16,0,legacy_stereospecific,1.78,4.12,2.646704743638775,H,HB3,0.0,SATISFIED
62,10,HN,10,HB1,16,16,0,legacy_stereospecific,1.78,4.12,3.521767879914858,H,HB2,0.0,SATISFIED
63,10,HN,11,HN,16,17,1,direct_unambiguous,1.78,5.5,2.9901586914409743,H,H,0.0,SATISFIED
64,10,HN,11,HB#,16,17,1,pseudoatom_group,1.78,6.88,5.565677856290282,H,HB3,0.0,SATISFIED
65,10,HN,11,HG#,16,17,1,pseudoatom_group,1.78,6.9,4.883575124844504,H,HG3,0.0,SATISFIED
66,10,HA,11,HN,16,17,1,direct_unambiguous,1.78,3.28,3.7546549774912754,HA,H,0.4746549774912756,VIOLATED
67,10,HA,11,HB#,16,17,1,pseudoatom_group,1.78,5.67,6.055741490519555,HA,HB3,0.3857414905195551,VIOLATED
68,10,HA,11,HG#,16,17,1,pseudoatom_group,1.78,5.85,5.72271342983379,HA,HG3,0.0,SATISFIED
69,10,HA,13,HN,16,19,3,direct_unambiguous,1.78,4.7,3.0465171918110037,HA,H,0.0,SATISFIED
70,10,HA,13,HB#,16,19,3,pseudoatom_group,1.78,6.9,2.32838678058436,HA,HB2,0.0,SATISFIED
71,10,HB2,11,HN,16,17,1,legacy_stereospecific,1.78,4.59,4.2069736153201625,HB3,H,0.0,SATISFIED
72,10,HB2,11,HG#,16,17,1,pseudoatom_group,1.78,6.9,4.875176919866603,HB3,HG3,0.0,SATISFIED
73,10,HB2,13,HN,16,19,3,legacy_stereospecific,1.78,6.0,6.104717356274572,HB3,H,0.10471735627457157,VIOLATED
74,10,HB2,14,HB#,16,20,4,pseudoatom_group,1.78,6.9,7.522227595599589,HB3,HB2,0.6222275955995888,VIOLATED
75,10,HB1,11,HN,16,17,1,legacy_stereospecific,1.78,4.59,3.768170643694364,HB2,H,0.0,SATISFIED
76,10,HB1,11,HG#,16,17,1,pseudoatom_group,1.78,6.9,4.413612012852966,HB2,HG3,0.0,SATISFIED
77,10,HB1,13,HN,16,19,3,legacy_stereospecific,1.78,6.0,5.014077083571812,HB2,H,0.0,SATISFIED
78,10,HB1,14,HB#,16,20,4,pseudoatom_group,1.78,6.9,5.565769398744435,HB2,HB2,0.0,SATISFIED
79,10,HB#,14,HB#,16,20,4,pseudoatom_group,1.78,6.78,5.565769398744435,HB2,HB2,0.0,SATISFIED
81,11,HN,11,HB2,17,17,0,legacy_stereospecific,1.78,3.98,2.675198871112201,H,HB3,0.0,SATISFIED
82,11,HN,11,HB1,17,17,0,legacy_stereospecific,1.78,3.98,3.6487363566034756,H,HB2,0.0,SATISFIED
83,11,HN,11,HB#,17,17,0,pseudoatom_group,1.78,3.74,2.675198871112201,H,HB3,0.0,SATISFIED
84,11,HN,11,HG#,17,17,0,pseudoatom_group,1.78,5.08,2.735694610149314,H,HG3,0.0,SATISFIED
85,11,HN,12,HN,17,18,1,direct_unambiguous,1.78,4.2,2.844178264455308,H,H,0.0,SATISFIED
86,11,HN,12,HB#,17,18,1,pseudoatom_group,1.78,5.54,4.9205614517044705,H,HB2,0.0,SATISFIED
87,11,HA,14,HN,17,20,3,direct_unambiguous,1.78,5.5,3.2365458439515433,HA,H,0.0,SATISFIED
88,11,HA,14,HB#,17,20,3,pseudoatom_group,1.78,6.9,2.9363192946272023,HA,HB2,0.0,SATISFIED
89,11,HA,15,HN,17,21,4,direct_unambiguous,1.78,5.5,3.9717983332490583,HA,H,0.0,SATISFIED
90,11,HB2,12,HN,17,18,1,legacy_stereospecific,1.78,6.0,2.536164229698069,HB3,H,0.0,SATISFIED
91,11,HB1,12,HN,17,18,1,legacy_stereospecific,1.78,6.0,3.75222933734067,HB2,H,0.0,SATISFIED
92,11,HG#,12,HN,17,18,1,pseudoatom_group,1.78,6.9,5.027064451546251,HG3,H,0.0,SATISFIED
93,11,HG#,12,HA,17,18,1,pseudoatom_group,1.78,5.56,6.413543482350456,HG2,HA,0.8535434823504566,VIOLATED
94,11,HG#,12,HB#,17,18,1,pseudoatom_group,1.78,7.8,7.466053174201214,HG3,HB2,0.0,SATISFIED
96,12,HA,14,HN,18,20,2,direct_unambiguous,1.78,5.5,4.4448759262773585,HA,H,0.0,SATISFIED
97,12,HA,15,HN,18,21,3,direct_unambiguous,1.78,4.7,3.5812359598328616,HA,H,0.0,SATISFIED
98,12,HA,15,HB2,18,21,3,legacy_stereospecific,1.78,4.25,2.5110483866305713,HA,HB3,0.0,SATISFIED
99,12,HA,15,HB1,18,21,3,legacy_stereospecific,1.78,4.25,3.697521061468074,HA,HB2,0.0,SATISFIED
100,12,HA,16,HN,18,22,4,direct_unambiguous,1.78,4.72,4.260722356596356,HA,H,0.0,SATISFIED
101,12,HB#,13,HB#,18,19,1,pseudoatom_group,1.78,7.93,5.039044949194242,HB2,HB2,0.0,SATISFIED
102,12,HB#,14,HN,18,20,2,pseudoatom_group,1.78,5.33,5.577705083634307,HB2,H,0.24770508363430732,VIOLATED
103,12,HB#,15,HB2,18,21,3,pseudoatom_group,1.78,6.9,4.377073565751438,HB3,HB3,0.0,SATISFIED
104,12,HB#,15,HB1,18,21,3,pseudoatom_group,1.78,6.9,5.91196574753271,HB3,HB2,0.0,SATISFIED
106,13,HN,14,HN,19,20,1,direct_unambiguous,1.78,4.2,3.0836410296920103,H,H,0.0,SATISFIED
107,13,HN,15,HN,19,21,2,direct_unambiguous,1.78,4.7,4.917842108079517,H,H,0.21784210807951698,VIOLATED
108,13,HA,16,HN,19,22,3,direct_unambiguous,1.78,4.2,3.304513579938811,HA,H,0.0,SATISFIED
109,13,HB#,14,HB#,19,20,1,pseudoatom_group,1.78,7.93,5.578213513303341,HB1,HB2,0.0,SATISFIED
110,13,HB#,14,HG#,19,20,1,pseudoatom_group,1.78,7.91,3.6028408235724214,HB1,HG3,0.0,SATISFIED
112,14,HN,14,HG2,20,20,0,legacy_stereospecific,1.78,4.63,2.608331650691682,H,HG3,0.0,SATISFIED
113,14,HN,14,HG1,20,20,0,legacy_stereospecific,1.78,4.63,3.769262129382885,H,HG2,0.0,SATISFIED
114,14,HN,14,HG#,20,20,0,pseudoatom_group,1.78,4.33,2.608331650691682,H,HG3,0.0,SATISFIED
115,14,HN,15,HN,20,21,1,direct_unambiguous,1.78,4.2,2.9217948251032264,H,H,0.0,SATISFIED
116,14,HN,15,HA,20,21,1,direct_unambiguous,1.78,5.5,5.196487756167623,H,HA,0.0,SATISFIED
117,14,HN,16,HN,20,22,2,direct_unambiguous,1.78,5.5,4.070487071592294,H,H,0.0,SATISFIED
118,14,HN,17,HN,20,23,3,direct_unambiguous,1.78,5.5,4.8611968690848135,H,H,0.0,SATISFIED
119,14,HA,17,HN,20,23,3,direct_unambiguous,1.78,4.2,3.116619643139021,HA,H,0.0,SATISFIED
120,14,HG#,15,HN,20,21,1,pseudoatom_group,1.78,6.32,4.912000508957626,HG3,H,0.0,SATISFIED
122,15,HN,15,HG#,21,21,0,pseudoatom_group,1.78,4.92,4.659273548526637,H,HG2,0.0,SATISFIED
123,15,HN,16,HN,21,22,1,direct_unambiguous,1.78,5.5,3.141164752126192,H,H,0.0,SATISFIED
124,15,HN,17,HN,21,23,2,direct_unambiguous,1.78,4.4,4.491166218255566,H,H,0.09116621825556592,VIOLATED
125,15,HN,18,HB#,21,24,3,pseudoatom_group,1.78,6.9,5.595508019831628,H,HB3,0.0,SATISFIED
126,15,HA,15,HE21,21,21,0,direct_unambiguous,1.78,4.61,4.28130330623748,HA,HE21,0.0,SATISFIED
127,15,HA,15,HE22,21,21,0,direct_unambiguous,1.78,4.89,4.557472325752512,HA,HE22,0.0,SATISFIED
128,15,HA,18,HN,21,24,3,direct_unambiguous,1.78,4.39,3.2376513092054866,HA,H,0.0,SATISFIED
129,15,HA,18,HB#,21,24,3,pseudoatom_group,1.78,4.66,3.146262862508474,HA,HB3,0.0,SATISFIED
130,15,HA,18,HD2,21,24,3,legacy_stereospecific,1.78,5.12,4.556151555863783,HA,HD3,0.0,SATISFIED
131,15,HA,18,HD1,21,24,3,legacy_stereospecific,1.78,5.12,2.813489648106065,HA,HD2,0.0,SATISFIED
132,15,HA,18,HD#,21,24,3,pseudoatom_group,1.78,4.96,2.813489648106065,HA,HD2,0.0,SATISFIED
133,15,HA,19,HN,21,25,4,direct_unambiguous,1.78,5.08,4.341227591361688,HA,H,0.0,SATISFIED
134,15,HB2,15,HE21,21,21,0,legacy_stereospecific,1.78,5.75,5.579340910896196,HB3,HE21,0.0,SATISFIED
135,15,HB1,15,HE21,21,21,0,legacy_stereospecific,1.78,5.75,4.7020451933174785,HB2,HE21,0.0,SATISFIED
136,15,HB#,18,HG#,21,24,3,pseudoatom_group,1.78,7.78,6.386942774129106,HB2,HG3,0.0,SATISFIED
137,15,HB#,18,HD#,21,24,3,pseudoatom_group,1.78,7.75,4.652210979738559,HB2,HD2,0.0,SATISFIED
138,15,HG#,18,HN,21,24,3,pseudoatom_group,1.78,5.81,4.9211986344792065,HG3,H,0.0,SATISFIED
139,15,HG#,18,HB#,21,24,3,pseudoatom_group,1.78,7.8,4.1300748177242514,HG3,HB3,0.0,SATISFIED
140,15,HG#,18,HG#,21,24,3,pseudoatom_group,1.78,7.8,6.505265328947005,HG3,HG3,0.0,SATISFIED
141,15,HG#,19,HN,21,25,4,pseudoatom_group,1.78,6.47,3.8044985214874245,HG3,H,0.0,SATISFIED
142,15,HE21,18,HB#,21,24,3,pseudoatom_group,1.78,5.03,3.5620185288681463,HE21,HB3,0.0,SATISFIED
143,15,HE21,19,HB#,21,25,4,pseudoatom_group,1.78,6.78,5.642567146255328,HE21,HB3,0.0,SATISFIED
144,15,HE22,18,HB#,21,24,3,pseudoatom_group,1.78,5.94,4.667106812576717,HE22,HB3,0.0,SATISFIED
145,15,HE22,18,HD#,21,24,3,pseudoatom_group,1.78,6.54,4.743935707827416,HE22,HD2,0.0,SATISFIED
147,16,HN,17,HN,22,23,1,direct_unambiguous,1.78,3.38,2.731397810645677,H,H,0.0,SATISFIED
148,16,HN,19,HN,22,25,3,direct_unambiguous,1.78,5.5,4.807603249021282,H,H,0.0,SATISFIED
149,16,HA,19,HN,22,25,3,direct_unambiguous,1.78,4.01,3.190884830262602,HA,H,0.0,SATISFIED
150,16,HA,19,HB#,22,25,3,pseudoatom_group,1.78,4.6,2.6499922641396516,HA,HB2,0.0,SATISFIED
152,17,HA,19,HN,23,25,2,direct_unambiguous,1.78,4.7,4.755673243611257,HA,H,0.05567324361125703,VIOLATED
154,18,HN,18,HG#,24,24,0,pseudoatom_group,1.78,6.9,2.4795074107572255,H,HG3,0.0,SATISFIED
155,18,HN,18,HD2,24,24,0,legacy_stereospecific,1.78,6.0,4.717560068509991,H,HD3,0.0,SATISFIED
156,18,HN,18,HD1,24,24,0,legacy_stereospecific,1.78,6.0,3.83038353171063,H,HD2,0.0,SATISFIED
157,18,HN,19,HN,24,25,1,direct_unambiguous,1.78,3.52,2.86236004024651,H,H,0.0,SATISFIED
158,18,HN,19,HA,24,25,1,direct_unambiguous,1.78,5.09,5.409752674568407,H,HA,0.3197526745684067,VIOLATED
159,18,HN,19,HB#,24,25,1,pseudoatom_group,1.78,6.03,5.2859782443744505,H,HB2,0.0,SATISFIED
160,18,HN,20,HN,24,26,2,direct_unambiguous,1.78,5.5,4.387676036354552,H,H,0.0,SATISFIED
161,18,HA,18,HD2,24,24,0,legacy_stereospecific,1.78,6.0,4.4672956024870345,HA,HD3,0.0,SATISFIED
162,18,HA,18,HD1,24,24,0,legacy_stereospecific,1.78,6.0,4.785171574771379,HA,HD2,0.0,SATISFIED
163,18,HA,20,HN,24,26,2,direct_unambiguous,1.78,4.7,4.541826284656867,HA,H,0.0,SATISFIED
164,18,HA,21,HN,24,27,3,direct_unambiguous,1.78,4.2,3.1421549929944583,HA,H,0.0,SATISFIED
165,18,HA,22,HN,24,28,4,direct_unambiguous,1.78,4.7,4.198520334594084,HA,H,0.0,SATISFIED
166,18,HB#,18,HE#,24,24,0,pseudoatom_group,1.78,7.8,4.3792658060455745,HB2,HE2,0.0,SATISFIED
167,18,HB#,19,HN,24,25,1,pseudoatom_group,1.78,4.93,2.919733720735507,HB3,H,0.0,SATISFIED
168,18,HB#,19,HA,24,25,1,pseudoatom_group,1.78,5.83,4.397123377846021,HB3,HA,0.0,SATISFIED
169,18,HB#,19,HB2,24,25,1,pseudoatom_group,1.78,7.11,6.034908118604624,HB3,HB3,0.0,SATISFIED
170,18,HB#,19,HB1,24,25,1,pseudoatom_group,1.78,7.11,5.522362718981796,HB3,HB2,0.0,SATISFIED
171,18,HB#,19,HB#,24,25,1,pseudoatom_group,1.78,6.73,5.522362718981796,HB3,HB2,0.0,SATISFIED
172,18,HB#,20,HN,24,26,2,pseudoatom_group,1.78,5.39,5.445442589909475,HB3,H,0.05544258990947526,VIOLATED
173,18,HB#,22,HD22,24,28,4,pseudoatom_group,1.78,6.39,5.332971873167908,HB2,HD22,0.0,SATISFIED
174,18,HG#,19,HN,24,25,1,pseudoatom_group,1.78,4.99,4.908214339248032,HG3,H,0.0,SATISFIED
175,18,HD2,19,HN,24,25,1,legacy_stereospecific,1.78,6.18,5.902573337113229,HD3,H,0.0,SATISFIED
176,18,HD1,19,HN,24,25,1,legacy_stereospecific,1.78,6.18,5.305646897410342,HD2,H,0.0,SATISFIED
177,18,HD#,19,HN,24,25,1,pseudoatom_group,1.78,5.85,5.305646897410342,HD2,H,0.0,SATISFIED
178,18,HD#,22,HD22,24,28,4,pseudoatom_group,1.78,6.76,7.114447905494849,HD3,HD22,0.3544479054948493,VIOLATED
180,19,HN,20,HN,25,26,1,direct_unambiguous,1.78,3.58,2.956276712352888,H,H,0.0,SATISFIED
181,19,HN,21,HN,25,27,2,direct_unambiguous,1.78,4.45,4.405057774876513,H,H,0.0,SATISFIED
182,19,HN,22,HB#,25,28,3,pseudoatom_group,1.78,5.63,5.503221783646378,H,HB3,0.0,SATISFIED
183,19,HN,22,HD21,25,28,3,direct_unambiguous,1.78,4.79,4.753057226670009,H,HD21,0.0,SATISFIED
184,19,HA,21,HN,25,27,2,direct_unambiguous,1.78,4.9,4.49470210358818,HA,H,0.0,SATISFIED
185,19,HA,22,HN,25,28,3,direct_unambiguous,1.78,4.38,3.2684458080255823,HA,H,0.0,SATISFIED
186,19,HA,22,HB#,25,28,3,pseudoatom_group,1.78,4.61,2.704887982893191,HA,HB3,0.0,SATISFIED
187,19,HA,22,HD21,25,28,3,direct_unambiguous,1.78,4.98,2.8882697242466797,HA,HD21,0.0,SATISFIED
188,19,HA,22,HD22,25,28,3,direct_unambiguous,1.78,5.82,4.10574694787684,HA,HD22,0.0,SATISFIED
189,19,HA,23,HN,25,29,4,direct_unambiguous,1.78,4.7,4.27399461862085,HA,H,0.0,SATISFIED
190,19,HB#,21,HN,25,27,2,pseudoatom_group,1.78,6.11,5.492801926157543,HB2,H,0.0,SATISFIED
192,20,HN,21,HN,26,27,1,direct_unambiguous,1.78,4.2,2.9368088122995024,H,H,0.0,SATISFIED
193,20,HN,21,HB#,26,27,1,pseudoatom_group,1.78,6.9,5.390860599199352,H,HB3,0.0,SATISFIED
194,20,HN,21,HG#,26,27,1,pseudoatom_group,1.78,5.83,4.976168606468233,H,HG3,0.0,SATISFIED
195,20,HN,22,HN,26,28,2,direct_unambiguous,1.78,4.2,4.436998196979579,H,H,0.23699819697957913,VIOLATED
196,20,HN,22,HB#,26,28,2,pseudoatom_group,1.78,6.18,5.643630923439274,H,HB3,0.0,SATISFIED
197,20,HN,23,HN,26,29,3,direct_unambiguous,1.78,5.5,4.797821276371183,H,H,0.0,SATISFIED
199,21,HN,21,HG2,27,27,0,legacy_stereospecific,1.78,4.53,2.7209270479011387,H,HG3,0.0,SATISFIED
200,21,HN,21,HG1,27,27,0,legacy_stereospecific,1.78,4.53,3.685132562066119,H,HG2,0.0,SATISFIED
201,21,HN,21,HG#,27,27,0,pseudoatom_group,1.78,4.28,2.7209270479011387,H,HG3,0.0,SATISFIED
202,21,HN,22,HN,27,28,1,direct_unambiguous,1.78,3.27,2.793284983670662,H,H,0.0,SATISFIED
203,21,HN,22,HA,27,28,1,direct_unambiguous,1.78,5.5,5.418711470451251,H,HA,0.0,SATISFIED
204,21,HN,22,HB#,27,28,1,pseudoatom_group,1.78,6.14,5.179250138774918,H,HB3,0.0,SATISFIED
205,21,HN,23,HN,27,29,2,direct_unambiguous,1.78,4.7,4.227383706265613,H,H,0.0,SATISFIED
206,21,HA,24,HN,27,30,3,direct_unambiguous,1.78,4.2,3.133644204436746,HA,H,0.0,SATISFIED
207,21,HA,24,HB#,27,30,3,pseudoatom_group,1.78,5.72,2.866191375327196,HA,HB3,0.0,SATISFIED
208,21,HB#,22,HB#,27,28,1,pseudoatom_group,1.78,6.87,5.347491561470669,HB3,HB3,0.0,SATISFIED
209,21,HG#,22,HN,27,28,1,pseudoatom_group,1.78,5.51,5.083265190800106,HG3,H,0.0,SATISFIED
211,22,HN,22,HD21,28,28,0,direct_unambiguous,1.78,4.96,3.988304652355434,H,HD21,0.0,SATISFIED
212,22,HN,22,HD22,28,28,0,direct_unambiguous,1.78,6.15,4.627875106352805,H,HD22,0.0,SATISFIED
213,22,HN,23,HN,28,29,1,direct_unambiguous,1.78,3.7,2.9240150478408955,H,H,0.0,SATISFIED
214,22,HN,24,HN,28,30,2,direct_unambiguous,1.78,4.7,4.397947021054256,H,H,0.0,SATISFIED
215,22,HN,25,HN,28,31,3,direct_unambiguous,1.78,5.5,4.869539403270086,H,H,0.0,SATISFIED
216,22,HN,25,HB#,28,31,3,pseudoatom_group,1.78,5.58,5.905415226721995,H,HB3,0.3254152267219945,VIOLATED
217,22,HN,25,HG#,28,31,3,pseudoatom_group,1.78,6.9,5.541942439253583,H,HG2,0.0,SATISFIED
218,22,HA,22,HD21,28,28,0,direct_unambiguous,1.78,5.67,4.993850718633866,HA,HD21,0.0,SATISFIED
219,22,HA,24,HN,28,30,2,direct_unambiguous,1.78,5.27,4.585158775876797,HA,H,0.0,SATISFIED
220,22,HA,25,HN,28,31,3,direct_unambiguous,1.78,4.69,3.3332226148278794,HA,H,0.0,SATISFIED
221,22,HA,25,HB#,28,31,3,pseudoatom_group,1.78,4.79,3.126947073424817,HA,HB3,0.0,SATISFIED
222,22,HA,25,HG#,28,31,3,pseudoatom_group,1.78,5.68,3.8776078966290553,HA,HG2,0.0,SATISFIED
223,22,HA,25,HD2,28,31,3,legacy_stereospecific,1.78,5.53,2.192831502874764,HA,HD3,0.0,SATISFIED
224,22,HA,25,HD1,28,31,3,legacy_stereospecific,1.78,5.53,3.968478423779072,HA,HD2,0.0,SATISFIED
225,22,HA,25,HD#,28,31,3,pseudoatom_group,1.78,5.31,2.192831502874764,HA,HD3,0.0,SATISFIED
226,22,HA,26,HN,28,32,4,direct_unambiguous,1.78,4.7,4.21632671883952,HA,H,0.0,SATISFIED
227,22,HB#,23,HA,28,29,1,pseudoatom_group,1.78,5.72,4.877305608632701,HB3,HA,0.0,SATISFIED
228,22,HB#,25,HN,28,31,3,pseudoatom_group,1.78,6.28,5.066371285249433,HB2,H,0.0,SATISFIED
229,22,HB#,25,HB#,28,31,3,pseudoatom_group,1.78,6.58,4.3813483084548315,HB2,HB3,0.0,SATISFIED
230,22,HB#,25,HG#,28,31,3,pseudoatom_group,1.78,6.48,6.0414102658237,HB2,HG2,0.0,SATISFIED
231,22,HB#,25,HD#,28,31,3,pseudoatom_group,1.78,8.12,3.8902476784904056,HB2,HD3,0.0,SATISFIED
233,23,HN,24,HN,29,30,1,direct_unambiguous,1.78,4.7,2.788253575268938,H,H,0.0,SATISFIED
234,23,HN,24,HA,29,30,1,direct_unambiguous,1.78,5.5,5.412148556719411,H,HA,0.0,SATISFIED
235,23,HN,25,HN,29,31,2,direct_unambiguous,1.78,4.7,4.238715135509818,H,H,0.0,SATISFIED
236,23,HN,25,HB#,29,31,2,pseudoatom_group,1.78,7.03,5.838429669012039,H,HB3,0.0,SATISFIED
237,23,HN,26,HB#,29,32,3,pseudoatom_group,1.78,7.03,5.4940718051368815,H,HB3,0.0,SATISFIED
238,23,HA,26,HN,29,32,3,direct_unambiguous,1.78,4.7,3.2739864080353183,HA,H,0.0,SATISFIED
239,23,HA,26,HB#,29,32,3,pseudoatom_group,1.78,6.9,2.5492908817943856,HA,HB3,0.0,SATISFIED
241,24,HN,25,HN,30,31,1,direct_unambiguous,1.78,4.7,2.7474191525866605,H,H,0.0,SATISFIED
242,24,HA,25,HB#,30,31,1,pseudoatom_group,1.78,5.93,6.326982614169255,HA,HB3,0.3969826141692554,VIOLATED
243,24,HA,26,HN,30,32,2,direct_unambiguous,1.78,4.77,4.6827933971081865,HA,H,0.0,SATISFIED
244,24,HA,26,HG#,30,32,2,pseudoatom_group,1.78,6.96,6.850866952437479,HA,HG2,0.0,SATISFIED
245,24,HA,27,HN,30,33,3,direct_unambiguous,1.78,4.7,3.4713736474197074,HA,H,0.0,SATISFIED
246,24,HA,27,HB#,30,33,3,pseudoatom_group,1.78,6.9,2.845588515579864,HA,HB2,0.0,SATISFIED
247,24,HB#,25,HB#,30,31,1,pseudoatom_group,1.78,7.8,5.698304660159898,HB3,HB3,0.0,SATISFIED
248,24,HB#,27,HN,30,33,3,pseudoatom_group,1.78,6.9,5.389797491557545,HB2,H,0.0,SATISFIED
250,25,HN,25,HG#,31,31,0,pseudoatom_group,1.78,6.9,2.393611915077296,H,HG2,0.0,SATISFIED
251,25,HN,25,HD2,31,31,0,legacy_stereospecific,1.78,4.76,3.7837258093048964,H,HD3,0.0,SATISFIED
252,25,HN,25,HD1,31,31,0,legacy_stereospecific,1.78,4.76,4.617658064430498,H,HD2,0.0,SATISFIED
253,25,HN,25,HD#,31,31,0,pseudoatom_group,1.78,4.36,3.7837258093048964,H,HD3,0.0,SATISFIED
254,25,HN,26,HN,31,32,1,direct_unambiguous,1.78,4.2,2.804006062760922,H,H,0.0,SATISFIED
255,25,HA,28,HB#,31,34,3,pseudoatom_group,1.78,6.9,2.850687285550626,HA,HB2,0.0,SATISFIED
256,25,HB#,26,HN,31,32,1,pseudoatom_group,1.78,4.95,2.72997161157401,HB3,H,0.0,SATISFIED
257,25,HB#,26,HA,31,32,1,pseudoatom_group,1.78,6.9,3.9063683902059183,HB3,HA,0.0,SATISFIED
259,26,HN,26,HG#,32,32,0,pseudoatom_group,1.78,5.22,4.368766645175728,H,HG2,0.0,SATISFIED
260,26,HN,27,HN,32,33,1,direct_unambiguous,1.78,4.2,3.081432945887351,H,H,0.0,SATISFIED
261,26,HN,28,HN,32,34,2,direct_unambiguous,1.78,5.5,5.0188934039287965,H,H,0.0,SATISFIED
262,26,HA,29,HN,32,35,3,direct_unambiguous,1.78,4.7,3.4657889433720572,HA,H,0.0,SATISFIED
264,27,HN,28,HN,33,34,1,direct_unambiguous,1.78,4.2,3.486093228816464,H,H,0.0,SATISFIED
265,27,HA,30,HN,33,36,3,direct_unambiguous,1.78,4.7,3.3091204269412757,HA,H,0.0,SATISFIED
267,28,HN,28,HG2,34,34,0,legacy_stereospecific,1.78,6.0,4.735409802752026,H,HG3,0.0,SATISFIED
268,28,HN,28,HG1,34,34,0,legacy_stereospecific,1.78,6.0,4.376215716803733,H,HG2,0.0,SATISFIED
269,28,HA,31,HN,34,37,3,direct_unambiguous,1.78,4.7,3.568759448323745,HA,H,0.0,SATISFIED
270,28,HG#,29,HN,34,35,1,pseudoatom_group,1.78,6.88,3.721199403418203,HG3,H,0.0,SATISFIED
272,29,HN,29,HG#,35,35,0,pseudoatom_group,1.78,6.9,4.324124188780897,H,HG3,0.0,SATISFIED
273,29,HN,30,HN,35,36,1,direct_unambiguous,1.78,4.7,3.166293890339305,H,H,0.0,SATISFIED
274,29,HN,31,HN,35,37,2,direct_unambiguous,1.78,4.7,4.826156648928835,H,H,0.12615664892883505,VIOLATED
275,29,HN,32,HB#,35,38,3,pseudoatom_group,1.78,6.9,5.792118869636573,H,HB2,0.0,SATISFIED
276,29,HA,32,HN,35,38,3,direct_unambiguous,1.78,4.2,4.060238416645014,HA,H,0.0,SATISFIED
277,29,HA,32,HB#,35,38,3,pseudoatom_group,1.78,6.9,3.2312191197750737,HA,HB2,0.0,SATISFIED
278,29,HA,32,HG#,35,38,3,pseudoatom_group,1.78,6.9,2.866448325018262,HA,HG3,0.0,SATISFIED
279,29,HA,33,HN,35,39,4,direct_unambiguous,1.78,5.5,4.275629778173037,HA,H,0.0,SATISFIED
280,29,HB#,32,HG#,35,38,3,pseudoatom_group,1.78,7.8,5.086782676702436,HB2,HG3,0.0,SATISFIED
282,30,HN,31,HN,36,37,1,direct_unambiguous,1.78,3.32,3.102721547287156,H,H,0.0,SATISFIED
283,30,HN,32,HN,36,38,2,direct_unambiguous,1.78,4.7,4.992275733570815,H,H,0.2922757335708148,VIOLATED
285,31,HN,32,HN,37,38,1,direct_unambiguous,1.78,4.2,3.2753714293191254,H,H,0.0,SATISFIED
286,31,HN,33,HN,37,39,2,direct_unambiguous,1.78,5.5,4.5717998643860165,H,H,0.0,SATISFIED
287,31,HA,36,HD21,37,42,5,direct_unambiguous,1.78,5.01,11.736382492062877,HA,HD21,6.726382492062877,VIOLATED
289,32,HN,32,HG#,38,38,0,pseudoatom_group,1.78,5.44,2.5178383585925452,H,HG3,0.0,SATISFIED
290,32,HN,32,HD#,38,38,0,pseudoatom_group,1.78,6.01,2.864494545290668,H,HD2,0.0,SATISFIED
291,32,HN,33,HN,38,39,1,direct_unambiguous,1.78,3.37,3.4357104068882163,H,H,0.06571040688821617,VIOLATED
292,32,HA,34,HN,38,40,2,direct_unambiguous,1.78,4.7,4.33933647001474,HA,H,0.0,SATISFIED
293,32,HA,35,HN,38,41,3,direct_unambiguous,1.78,4.7,3.253897970127521,HA,H,0.0,SATISFIED
294,32,HA,35,HG1#,38,41,3,pseudoatom_group,1.78,7.12,4.830274215818393,HA,HG11,0.0,SATISFIED
295,32,HA,35,HG2#,38,41,3,pseudoatom_group,1.78,7.12,2.762308092881749,HA,HG23,0.0,SATISFIED
296,32,HA,35,HG#,38,41,3,pseudoatom_group,1.78,6.67,2.762308092881749,HA,HG23,0.0,SATISFIED
297,32,HB#,32,HE#,38,38,0,pseudoatom_group,1.78,7.8,4.711259916413021,HB3,HE2,0.0,SATISFIED
298,32,HB#,33,HN,38,39,1,pseudoatom_group,1.78,4.78,2.763378186206151,HB2,H,0.0,SATISFIED
300,33,HN,33,HB2,39,39,0,legacy_stereospecific,1.78,4.01,2.7454378521467215,H,HB3,0.0,SATISFIED
301,33,HN,33,HB1,39,39,0,legacy_stereospecific,1.78,4.01,2.333627648104985,H,HB2,0.0,SATISFIED
302,33,HN,33,HB#,39,39,0,pseudoatom_group,1.78,3.86,2.333627648104985,H,HB2,0.0,SATISFIED
303,33,HN,33,HG2,39,39,0,legacy_stereospecific,1.78,4.51,4.629355678709512,H,HG3,0.11935567870951225,VIOLATED
304,33,HN,33,HG1,39,39,0,legacy_stereospecific,1.78,4.51,4.84134557741957,H,HG2,0.3313455774195706,VIOLATED
305,33,HN,33,HG#,39,39,0,pseudoatom_group,1.78,4.33,4.629355678709512,H,HG3,0.29935567870951196,VIOLATED
306,33,HB2,34,HN,39,40,1,legacy_stereospecific,1.78,4.36,2.807218730345039,HB3,H,0.0,SATISFIED
307,33,HB1,34,HN,39,40,1,legacy_stereospecific,1.78,4.36,4.045079232845758,HB2,H,0.0,SATISFIED
308,33,HB#,34,HN,39,40,1,pseudoatom_group,1.78,4.21,2.807218730345039,HB3,H,0.0,SATISFIED
309,33,HG2,34,HN,39,40,1,legacy_stereospecific,1.78,5.69,4.158432156474364,HG3,H,0.0,SATISFIED
310,33,HG1,34,HN,39,40,1,legacy_stereospecific,1.78,5.69,5.062270735549419,HG2,H,0.0,SATISFIED
311,33,HG#,34,HN,39,40,1,pseudoatom_group,1.78,5.41,4.158432156474364,HG3,H,0.0,SATISFIED
313,34,HN,35,HN,40,41,1,direct_unambiguous,1.78,3.72,2.7715095164909664,H,H,0.0,SATISFIED
314,34,HN,35,HG1#,40,41,1,pseudoatom_group,1.78,7.89,7.22103102056763,H,HG13,0.0,SATISFIED
315,34,HN,35,HG2#,40,41,1,pseudoatom_group,1.78,7.89,4.990619500623142,H,HG23,0.0,SATISFIED
316,34,HN,35,HG#,40,41,1,pseudoatom_group,1.78,7.59,4.990619500623142,H,HG23,0.0,SATISFIED
317,34,HN,36,HN,40,42,2,direct_unambiguous,1.78,4.7,4.763720604737437,H,H,0.06372060473743701,VIOLATED
318,34,HA,35,HG1#,40,41,1,pseudoatom_group,1.78,7.8,7.537151849339379,HA,HG12,0.0,SATISFIED
319,34,HA,35,HG2#,40,41,1,pseudoatom_group,1.78,7.8,5.9473426839219545,HA,HG22,0.0,SATISFIED
320,34,HA,35,HG#,40,41,1,pseudoatom_group,1.78,7.28,5.9473426839219545,HA,HG22,0.0,SATISFIED
321,34,HA,37,HB#,40,43,3,pseudoatom_group,1.78,6.9,2.2928205337531273,HA,HB2,0.0,SATISFIED
322,34,HA,37,HG,40,43,3,direct_unambiguous,1.78,6.0,5.200381332171705,HA,HG,0.0,SATISFIED
323,34,HA,37,HD#,40,43,3,pseudoatom_group,1.78,7.8,2.9186467754766032,HA,HD23,0.0,SATISFIED
325,35,HN,35,HB,41,41,0,direct_unambiguous,1.78,4.02,2.8179950319331635,H,HB,0.0,SATISFIED
326,35,HN,36,HN,41,42,1,direct_unambiguous,1.78,3.39,3.3103563252314654,H,H,0.0,SATISFIED
327,35,HB,36,HN,41,42,1,direct_unambiguous,1.78,6.0,2.5845113658097896,HB,H,0.0,SATISFIED
328,35,HG1#,36,HN,41,42,1,pseudoatom_group,1.78,6.85,3.4354523719591823,HG13,H,0.0,SATISFIED
329,35,HG1#,36,HA,41,42,1,pseudoatom_group,1.78,7.8,3.217786040121375,HG13,HA,0.0,SATISFIED
330,35,HG2#,36,HN,41,42,1,pseudoatom_group,1.78,6.85,4.591920839910019,HG23,H,0.0,SATISFIED
331,35,HG2#,36,HA,41,42,1,pseudoatom_group,1.78,7.8,6.367284978701672,HG21,HA,0.0,SATISFIED
332,35,HG#,36,HN,41,42,1,pseudoatom_group,1.78,6.56,3.4354523719591823,HG13,H,0.0,SATISFIED
333,35,HG#,36,HA,41,42,1,pseudoatom_group,1.78,7.45,3.217786040121375,HG13,HA,0.0,SATISFIED
335,36,HN,36,HD21,42,42,0,direct_unambiguous,1.78,5.5,5.6144606152327805,H,HD21,0.1144606152327805,VIOLATED
336,36,HN,36,HD22,42,42,0,direct_unambiguous,1.78,6.0,5.243123305816876,H,HD22,0.0,SATISFIED
337,36,HN,37,HN,42,43,1,direct_unambiguous,1.78,4.7,3.020902017609974,H,H,0.0,SATISFIED
338,36,HA,37,HB#,42,43,1,pseudoatom_group,1.78,6.38,6.135671519890875,HA,HB2,0.0,SATISFIED
339,36,HA,38,HN,42,44,2,direct_unambiguous,1.78,4.7,3.8555021722208904,HA,H,0.0,SATISFIED
340,36,HB2,37,HN,42,43,1,legacy_stereospecific,1.78,5.83,4.0332708810591935,HB3,H,0.0,SATISFIED
341,36,HB1,37,HN,42,43,1,legacy_stereospecific,1.78,5.83,3.448612764576504,HB2,H,0.0,SATISFIED
342,36,HD21,37,HN,42,43,1,direct_unambiguous,1.78,5.5,5.899173586189848,HD21,H,0.399173586189848,VIOLATED
343,36,HD22,37,HD#,42,43,1,pseudoatom_group,1.78,8.7,5.13628552555249,HD22,HD11,0.0,SATISFIED
344,36,OD1,38,HN,42,44,2,direct_unambiguous,1.78,2.4,5.24596282869027,OD1,H,2.84596282869027,VIOLATED
346,37,HN,37,HD1#,43,43,0,pseudoatom_group,1.78,8.49,2.6364030420252496,H,HD12,0.0,SATISFIED
347,37,HN,37,HD2#,43,43,0,pseudoatom_group,1.78,8.49,4.07525569749924,H,HD23,0.0,SATISFIED
348,37,HN,37,HD#,43,43,0,pseudoatom_group,1.78,7.99,2.6364030420252496,H,HD12,0.0,SATISFIED
349,37,HN,38,HN,43,44,1,direct_unambiguous,1.78,4.2,2.837183110058285,H,H,0.0,SATISFIED
350,37,HA,37,HD1#,43,43,0,pseudoatom_group,1.78,7.39,2.7549680578910523,HA,HD11,0.0,SATISFIED
351,37,HA,37,HD2#,43,43,0,pseudoatom_group,1.78,7.39,4.520019690222597,HA,HD21,0.0,SATISFIED
352,37,HA,38,HN,43,44,1,direct_unambiguous,1.78,3.43,3.353088874455909,HA,H,0.0,SATISFIED
353,37,HD1#,38,HN,43,44,1,pseudoatom_group,1.78,8.52,5.1240925050197905,HD11,H,0.0,SATISFIED
354,37,HD2#,38,HN,43,44,1,pseudoatom_group,1.78,8.52,6.389251990648047,HD23,H,0.0,SATISFIED
355,37,HD#,38,HN,43,44,1,pseudoatom_group,1.78,8.13,5.1240925050197905,HD11,H,0.0,SATISFIED
357,38,HN,38,HG#,44,44,0,pseudoatom_group,1.78,6.9,4.45411337978727,H,HG3,0.0,SATISFIED
358,38,HN,38,HD#,44,44,0,pseudoatom_group,1.78,6.9,5.2748536472588485,H,HD3,0.0,SATISFIED
359,38,HA,38,HD#,44,44,0,pseudoatom_group,1.78,6.9,3.973328201898254,HA,HD3,0.0,SATISFIED
360,38,HB#,38,HE#,44,44,0,pseudoatom_group,1.78,7.78,4.509136502702041,HB2,HE2,0.0,SATISFIED
