AF3_sample,Historical_AF3_residue,NMR_residue,Residue_name,CA_displacement_A
0,7,1,GLU,1.184565118136542
0,8,2,ALA,0.7663872959273105
0,9,3,TYR,0.6494696359963201
0,10,4,LYS,0.8445520017139133
0,11,5,LYS,0.7743598201699012
0,12,6,ALA,0.6292831877507742
0,13,7,LYS,0.4309489949627338
0,14,8,GLN,0.4055315735644043
0,15,9,ALA,0.6843669928111631
0,16,10,SER,0.7943924690995657
0,17,11,GLN,0.5059036541865009
0,18,12,ASP,0.2435944153537929
0,19,13,ALA,0.4882518473346008
0,20,14,GLU,0.5519717206122808
0,21,15,GLN,0.2435958635456248
0,22,16,ALA,0.21411282827642894
0,23,17,ALA,0.32141257501898896
0,24,18,LYS,0.2578378395412463
0,25,19,ASP,0.21627612186906975
0,26,20,ALA,0.1946307715103296
0,27,21,GLU,0.15423101254540714
0,28,22,ASN,0.20416647395864088
0,29,23,ALA,0.3066348405959796
0,30,24,SER,0.40389063537400677
0,31,25,LYS,0.2978957088435717
0,32,26,GLU,0.37512503146660053
0,33,27,ALA,0.5465281458309644
0,34,28,GLU,0.761691492114003
0,35,29,GLU,0.6664526580821118
0,36,30,ALA,0.46980915442668475
0,37,31,ALA,0.7503521502086576
0,38,32,LYS,1.0055951309244855
0,39,33,GLU,0.7882920680059989
0,40,34,ALA,0.7322536189613709
0,41,35,VAL,0.9295507783967142
0,42,36,ASN,0.9202128955457254
0,43,37,LEU,0.49479371332234773
0,44,38,LYS,3.638187391131031
1,7,1,GLU,1.6423820412687118
1,8,2,ALA,0.9927126850356198
1,9,3,TYR,0.6390398658523785
1,10,4,LYS,1.0155456676163528
1,11,5,LYS,0.9254557267568441
1,12,6,ALA,0.636747171984988
1,13,7,LYS,0.4781508625459066
1,14,8,GLN,0.39316564189217607
1,15,9,ALA,0.6771621292001558
1,16,10,SER,0.8546876860919204
1,17,11,GLN,0.5689260092856582
1,18,12,ASP,0.17639155881278984
1,19,13,ALA,0.569339153710161
1,20,14,GLU,0.6536614241460916
1,21,15,GLN,0.3131052550133648
1,22,16,ALA,0.31962404803211597
1,23,17,ALA,0.48137150824932795
1,24,18,LYS,0.35449393064267015
1,25,19,ASP,0.1501665172921421
1,26,20,ALA,0.26670209776035786
1,27,21,GLU,0.21881782717815845
1,28,22,ASN,0.3057619215519881
1,29,23,ALA,0.4012474244110284
1,30,24,SER,0.43601076868825395
1,31,25,LYS,0.29725302530899406
1,32,26,GLU,0.34321448129492615
1,33,27,ALA,0.5262741217871614
1,34,28,GLU,0.7492198180529174
1,35,29,GLU,0.6843498976604717
1,36,30,ALA,0.4805866694221143
1,37,31,ALA,0.7746975708550715
1,38,32,LYS,0.9998651634720699
1,39,33,GLU,0.785328500587933
1,40,34,ALA,0.7714646376657193
1,41,35,VAL,1.0728611841967193
1,42,36,ASN,0.9906279658132415
1,43,37,LEU,0.2690517985331604
1,44,38,LYS,3.6001711299694934
2,7,1,GLU,1.3509617765188457
2,8,2,ALA,0.7760549695749691
2,9,3,TYR,0.5501459163251536
2,10,4,LYS,0.8454679422862785
2,11,5,LYS,0.8440835959998716
2,12,6,ALA,0.5975817837895631
2,13,7,LYS,0.3146816359759242
2,14,8,GLN,0.40852469231582883
2,15,9,ALA,0.7103175184373837
2,16,10,SER,0.7337642259264711
2,17,11,GLN,0.41149256517198957
2,18,12,ASP,0.20602261518984508
2,19,13,ALA,0.5025314990935881
2,20,14,GLU,0.5633243510267177
2,21,15,GLN,0.23997262733576588
2,22,16,ALA,0.24712893664322974
2,23,17,ALA,0.4209944691354332
2,24,18,LYS,0.3611716716670414
2,25,19,ASP,0.1759432155565265
2,26,20,ALA,0.2105317893372699
2,27,21,GLU,0.21586805269443138
2,28,22,ASN,0.27186289530326957
2,29,23,ALA,0.3787325788030857
2,30,24,SER,0.4246419299534663
2,31,25,LYS,0.2253853292038837
2,32,26,GLU,0.31922922147000254
2,33,27,ALA,0.5162172515748963
2,34,28,GLU,0.6710803764346496
2,35,29,GLU,0.5490041727582271
2,36,30,ALA,0.44280735939022176
2,37,31,ALA,0.7965561989694188
2,38,32,LYS,1.0091405803801672
2,39,33,GLU,0.7549337134443908
2,40,34,ALA,0.7965385894660925
2,41,35,VAL,1.17061056352363
2,42,36,ASN,1.1597844946106564
2,43,37,LEU,0.41770697051091393
2,44,38,LYS,3.544104213358376
3,7,1,GLU,1.3564428332994196
3,8,2,ALA,0.941654670250695
3,9,3,TYR,0.48570293382469304
3,10,4,LYS,0.8696798481416002
3,11,5,LYS,0.8851660269609797
3,12,6,ALA,0.6098327409750034
3,13,7,LYS,0.36020039369241424
3,14,8,GLN,0.396519873602691
3,15,9,ALA,0.5942457029132968
3,16,10,SER,0.6989876239369639
3,17,11,GLN,0.5189680479923613
3,18,12,ASP,0.1445447454616914
3,19,13,ALA,0.45150304737174235
3,20,14,GLU,0.625137996801912
3,21,15,GLN,0.370803112832421
3,22,16,ALA,0.2853685974976992
3,23,17,ALA,0.4633015931528164
3,24,18,LYS,0.4343605574267139
3,25,19,ASP,0.25730297508989547
3,26,20,ALA,0.30543028663727645
3,27,21,GLU,0.24475563952091706
3,28,22,ASN,0.3584335091491545
3,29,23,ALA,0.49805376146385516
3,30,24,SER,0.4670940439716018
3,31,25,LYS,0.23139560716461122
3,32,26,GLU,0.29007539597208193
3,33,27,ALA,0.5139495432773354
3,34,28,GLU,0.7270233847956125
3,35,29,GLU,0.6901933118552444
3,36,30,ALA,0.43208740202748874
3,37,31,ALA,0.7513420951988318
3,38,32,LYS,1.0084031109131684
3,39,33,GLU,0.7967861607982951
3,40,34,ALA,0.7068620425185713
3,41,35,VAL,1.1225812764351453
3,42,36,ASN,1.0977145696110604
3,43,37,LEU,0.24784184596354736
3,44,38,LYS,3.4349376024845917
4,7,1,GLU,1.0305048842799636
4,8,2,ALA,0.6785014629258899
4,9,3,TYR,0.42739702863049006
4,10,4,LYS,0.6863810132136754
4,11,5,LYS,0.6414247147279784
4,12,6,ALA,0.44689243726456024
4,13,7,LYS,0.2799055404613453
4,14,8,GLN,0.2609485384248883
4,15,9,ALA,0.5094182689465931
4,16,10,SER,0.6099041797898982
4,17,11,GLN,0.4095538029187131
4,18,12,ASP,0.09135696095071305
4,19,13,ALA,0.37697713232804547
4,20,14,GLU,0.5120502524441245
4,21,15,GLN,0.2551658145586714
4,22,16,ALA,0.21378158758430804
4,23,17,ALA,0.36121850698330454
4,24,18,LYS,0.31748906690687256
4,25,19,ASP,0.1568213560885701
4,26,20,ALA,0.21012605682087487
4,27,21,GLU,0.19127625738122161
4,28,22,ASN,0.2219310594698725
4,29,23,ALA,0.313562520416425
4,30,24,SER,0.38413747632173795
4,31,25,LYS,0.19413263857623791
4,32,26,GLU,0.24834947109601008
4,33,27,ALA,0.4321423132548206
4,34,28,GLU,0.6273000871365012
4,35,29,GLU,0.5521253337017848
4,36,30,ALA,0.33886427847629935
4,37,31,ALA,0.6127295970623164
4,38,32,LYS,0.7985188319611849
4,39,33,GLU,0.6551290979564428
4,40,34,ALA,0.6408191207316978
4,41,35,VAL,0.8302807083513992
4,42,36,ASN,0.7900632795629945
4,43,37,LEU,0.19617821134657
4,44,38,LYS,3.6811814546368256
